# ************************************************************
# Sequel Pro SQL dump
# Version 4541
#
# http://www.sequelpro.com/
# https://github.com/sequelpro/sequelpro
#
# Host: 59.110.168.49 (MySQL 5.7.17)
# Database: hopapapa
# Generation Time: 2017-04-17 12:04:34 +0000
# ************************************************************


/*!40101 SET @OLD_CHARACTER_SET_CLIENT=@@CHARACTER_SET_CLIENT */;
/*!40101 SET @OLD_CHARACTER_SET_RESULTS=@@CHARACTER_SET_RESULTS */;
/*!40101 SET @OLD_COLLATION_CONNECTION=@@COLLATION_CONNECTION */;
/*!40101 SET NAMES utf8 */;
/*!40014 SET @OLD_FOREIGN_KEY_CHECKS=@@FOREIGN_KEY_CHECKS, FOREIGN_KEY_CHECKS=0 */;
/*!40101 SET @OLD_SQL_MODE=@@SQL_MODE, SQL_MODE='NO_AUTO_VALUE_ON_ZERO' */;
/*!40111 SET @OLD_SQL_NOTES=@@SQL_NOTES, SQL_NOTES=0 */;


# Dump of table action
# ------------------------------------------------------------

DROP TABLE IF EXISTS `action`;

CREATE TABLE `action` (
  `id` int(11) unsigned NOT NULL AUTO_INCREMENT,
  `user_id` bigint(20) DEFAULT NULL,
  `type` int(11) NOT NULL DEFAULT '0',
  `res_id` bigint(20) NOT NULL,
  `res_type` int(2) NOT NULL,
  `create_ts` timestamp NOT NULL DEFAULT CURRENT_TIMESTAMP,
  PRIMARY KEY (`id`)
) ENGINE=InnoDB DEFAULT CHARSET=utf8mb4;

LOCK TABLES `action` WRITE;
/*!40000 ALTER TABLE `action` DISABLE KEYS */;

INSERT INTO `action` (`id`, `user_id`, `type`, `res_id`, `res_type`, `create_ts`)
VALUES
	(1,56942160553,24,11253460114,1,'2017-04-08 21:45:23'),
	(2,56942160553,24,11253460114,1,'2017-04-08 21:45:44'),
	(3,56942160553,23,3580788297695241,7,'2017-04-08 22:05:04'),
	(4,56942160553,21,8680746004774920,4,'2017-04-08 22:17:07'),
	(5,56942160553,21,8680747573444610,4,'2017-04-08 22:17:07'),
	(6,56942160553,22,8682250879107077,7,'2017-04-08 22:20:06'),
	(7,11253460114,22,8723711850971141,7,'2017-04-08 23:42:29'),
	(8,11253460114,22,8724461800914947,7,'2017-04-08 23:43:58'),
	(9,11253460114,22,8725110231924743,7,'2017-04-08 23:45:16'),
	(10,56942160553,22,8725850291699712,7,'2017-04-08 23:46:44'),
	(11,56942160553,24,11253460114,1,'2017-04-08 23:50:10'),
	(12,56942160553,22,8727736998690816,7,'2017-04-08 23:50:29'),
	(13,11253460114,23,3580788297695241,7,'2017-04-09 19:06:03'),
	(14,11253460114,23,3580788297695241,7,'2017-04-09 19:06:17'),
	(15,11253460114,23,8727736998690816,7,'2017-04-12 22:35:05'),
	(16,11253460114,23,8727736998690816,7,'2017-04-12 22:39:58'),
	(17,11253460114,23,8727736998690816,7,'2017-04-12 22:46:23'),
	(18,11253460114,23,8727736998690816,7,'2017-04-12 22:47:59'),
	(19,11253460114,21,12263849575055362,4,'2017-04-13 20:56:06'),
	(20,11253460114,21,12263849877045251,4,'2017-04-13 20:56:06'),
	(21,56942160553,22,12263891761364992,7,'2017-04-13 20:56:11'),
	(22,11253460114,23,8727736998690816,7,'2017-04-13 21:21:10'),
	(23,10080887173545989,21,12289976582537223,4,'2017-04-13 21:48:01'),
	(24,10080887173545989,21,12289976674811911,4,'2017-04-13 21:48:01'),
	(25,10080887173545989,21,12290088025194496,4,'2017-04-13 21:48:14'),
	(26,10080887173545989,21,12290088092303364,4,'2017-04-13 21:48:14'),
	(27,11253460114,21,12296665037799425,4,'2017-04-13 22:01:18'),
	(28,11253460114,21,12296665138462726,4,'2017-04-13 22:01:18'),
	(29,11253460114,21,12296921368494086,4,'2017-04-13 22:01:49'),
	(30,11253460114,21,12296921443991560,4,'2017-04-13 22:01:49'),
	(31,11253460114,21,12296927165022210,4,'2017-04-13 22:01:49'),
	(32,11253460114,21,12296927223742464,4,'2017-04-13 22:01:49'),
	(33,11253460114,21,12296931854254087,4,'2017-04-13 22:01:50'),
	(34,11253460114,21,12296931921362950,4,'2017-04-13 22:01:50'),
	(35,11253460114,21,12296935553630215,4,'2017-04-13 22:01:50'),
	(36,11253460114,21,12296935612350469,4,'2017-04-13 22:01:50'),
	(37,11253460114,21,12297185752252416,4,'2017-04-13 22:02:20'),
	(38,11253460114,21,12297185810972680,4,'2017-04-13 22:02:20'),
	(39,11253460114,23,8727736998690816,7,'2017-04-13 22:22:57'),
	(40,11253460114,23,8727736998690816,7,'2017-04-13 22:23:49'),
	(41,11253460114,23,8727736998690816,7,'2017-04-13 22:32:41'),
	(42,11253460114,23,8727736998690816,7,'2017-04-13 22:33:05'),
	(43,11253460114,23,8727736998690816,7,'2017-04-13 22:33:08'),
	(44,11253460114,23,8727736998690816,7,'2017-04-13 22:33:09'),
	(45,11253460114,23,8727736998690816,7,'2017-04-13 22:38:12'),
	(46,11253460114,23,8727736998690816,7,'2017-04-13 22:39:11'),
	(47,11253460114,23,8727736998690816,7,'2017-04-13 22:43:50'),
	(48,11253460114,23,8727736998690816,7,'2017-04-13 22:43:52'),
	(49,11253460114,23,8727736998690816,7,'2017-04-13 22:43:53'),
	(50,11253460114,23,8727736998690816,7,'2017-04-13 22:43:54'),
	(51,11253460114,23,8727736998690816,7,'2017-04-13 22:43:54'),
	(52,11253460114,23,8727736998690816,7,'2017-04-13 22:43:55'),
	(53,11253460114,23,8727736998690816,7,'2017-04-13 22:43:55'),
	(54,11253460114,23,8727736998690816,7,'2017-04-13 22:43:56'),
	(55,11253460114,23,8727736998690816,7,'2017-04-13 22:43:56'),
	(56,11253460114,23,8727736998690816,7,'2017-04-13 22:43:57'),
	(57,11253460114,23,8727736998690816,7,'2017-04-13 22:43:58'),
	(58,11253460114,23,8727736998690816,7,'2017-04-13 22:44:03'),
	(59,11253460114,23,8727736998690816,7,'2017-04-13 22:44:04'),
	(60,11253460114,23,8727736998690816,7,'2017-04-13 22:44:05'),
	(61,11253460114,23,8727736998690816,7,'2017-04-13 22:44:06'),
	(62,56942160553,22,12351423119360000,7,'2017-04-13 23:50:06'),
	(63,12352011664097283,22,12352263431389184,7,'2017-04-13 23:51:46'),
	(64,11253460114,23,8727736998690816,7,'2017-04-14 21:53:27'),
	(65,56942160553,24,11253460114,1,'2017-04-14 22:20:31'),
	(66,56942160553,24,11253460114,1,'2017-04-14 22:24:06'),
	(67,56942160553,24,11253460114,1,'2017-04-14 22:24:18'),
	(68,56942160553,24,11253460114,1,'2017-04-14 22:27:40'),
	(69,13037178409975812,24,11253460114,1,'2017-04-14 22:32:45'),
	(70,11253460114,23,8727736998690816,7,'2017-04-14 22:33:34'),
	(71,56942160553,23,8727736998690816,7,'2017-04-14 22:36:17'),
	(72,11253460114,23,8727736998690816,7,'2017-04-14 22:39:14'),
	(73,4273788854206473,24,11253460114,1,'2017-04-14 22:40:58'),
	(74,56942160553,23,8727736998690816,7,'2017-04-14 22:41:53'),
	(75,56942160553,23,8727736998690816,7,'2017-04-14 22:42:23'),
	(76,56942160553,23,8727736998690816,7,'2017-04-14 22:53:11'),
	(77,56942160553,23,8727736998690816,7,'2017-04-14 22:53:21'),
	(78,56942160553,23,8727736998690816,7,'2017-04-14 22:54:56'),
	(79,56942160553,23,8727736998690816,7,'2017-04-14 22:55:03'),
	(80,56942160553,23,8727736998690816,7,'2017-04-14 22:55:36'),
	(81,56942160553,23,8727736998690816,7,'2017-04-14 22:55:48'),
	(82,56942160553,23,8727736998690816,7,'2017-04-14 22:55:54'),
	(83,56942160553,23,8727736998690816,7,'2017-04-14 22:56:21'),
	(84,56942160553,23,8727736998690816,7,'2017-04-14 22:56:51'),
	(85,56942160553,23,8727736998690816,7,'2017-04-14 22:58:03'),
	(86,56942160553,23,8727736998690816,7,'2017-04-14 22:58:34'),
	(87,56942160553,23,8727736998690816,7,'2017-04-14 22:58:35'),
	(88,56942160553,23,8727736998690816,7,'2017-04-14 22:59:09'),
	(89,56942160553,23,8727736998690816,7,'2017-04-14 22:59:12'),
	(90,56942160553,23,8727736998690816,7,'2017-04-14 22:59:14'),
	(91,56942160553,23,8727736998690816,7,'2017-04-14 22:59:18'),
	(92,56942160553,23,8727736998690816,7,'2017-04-14 22:59:22'),
	(93,56942160553,23,8727736998690816,7,'2017-04-14 22:59:26'),
	(94,56942160553,23,8727736998690816,7,'2017-04-14 22:59:28'),
	(95,56942160553,23,8727736998690816,7,'2017-04-14 22:59:30'),
	(96,56942160553,23,8727736998690816,7,'2017-04-14 23:02:14'),
	(97,56942160553,23,8727736998690816,7,'2017-04-14 23:02:16'),
	(98,56942160553,23,8727736998690816,7,'2017-04-14 23:02:36'),
	(99,56942160553,23,8727736998690816,7,'2017-04-14 23:02:52'),
	(100,56942160553,23,8727736998690816,7,'2017-04-14 23:05:06'),
	(101,56942160553,23,8727736998690816,7,'2017-04-14 23:05:08'),
	(102,56942160553,23,8727736998690816,7,'2017-04-14 23:05:24'),
	(103,56942160553,23,8727736998690816,7,'2017-04-14 23:05:54'),
	(104,56942160553,23,8727736998690816,7,'2017-04-14 23:06:10'),
	(105,56942160553,23,8727736998690816,7,'2017-04-14 23:06:26'),
	(106,56942160553,23,8727736998690816,7,'2017-04-14 23:06:27'),
	(107,56942160553,23,8727736998690816,7,'2017-04-14 23:06:35'),
	(108,56942160553,23,8727736998690816,7,'2017-04-14 23:06:37'),
	(109,56942160553,23,8727736998690816,7,'2017-04-14 23:06:48'),
	(110,56942160553,23,8727736998690816,7,'2017-04-14 23:06:50'),
	(111,56942160553,23,8727736998690816,7,'2017-04-14 23:11:56'),
	(112,56942160553,23,8727736998690816,7,'2017-04-14 23:12:19'),
	(113,56942160553,23,8727736998690816,7,'2017-04-14 23:13:27'),
	(114,56942160553,23,8727736998690816,7,'2017-04-14 23:13:32'),
	(115,56942160553,23,8727736998690816,7,'2017-04-14 23:14:50'),
	(116,56942160553,23,8727736998690816,7,'2017-04-14 23:18:06'),
	(117,56942160553,23,8727736998690816,7,'2017-04-14 23:18:07'),
	(118,56942160553,23,8727736998690816,7,'2017-04-14 23:18:13'),
	(119,56942160553,23,8727736998690816,7,'2017-04-14 23:18:32'),
	(120,56942160553,23,8727736998690816,7,'2017-04-14 23:18:33'),
	(121,56942160553,23,8727736998690816,7,'2017-04-14 23:19:11'),
	(122,56942160553,23,8727736998690816,7,'2017-04-14 23:20:53'),
	(123,56942160553,23,8727736998690816,7,'2017-04-14 23:21:48'),
	(124,56942160553,23,8727736998690816,7,'2017-04-14 23:34:35'),
	(125,56942160553,23,8727736998690816,7,'2017-04-14 23:36:36'),
	(126,56942160553,23,8727736998690816,7,'2017-04-14 23:38:11'),
	(127,56942160553,23,8727736998690816,7,'2017-04-14 23:40:36'),
	(128,56942160553,23,8727736998690816,7,'2017-04-14 23:40:42'),
	(129,56942160553,23,8727736998690816,7,'2017-04-14 23:47:27'),
	(130,56942160553,23,8727736998690816,7,'2017-04-14 23:47:28'),
	(131,56942160553,23,8727736998690816,7,'2017-04-14 23:47:29'),
	(132,56942160553,23,8727736998690816,7,'2017-04-14 23:49:15'),
	(133,56942160553,23,8727736998690816,7,'2017-04-14 23:49:17'),
	(134,56942160553,23,8727736998690816,7,'2017-04-14 23:49:18'),
	(135,56942160553,23,8727736998690816,7,'2017-04-14 23:49:59'),
	(136,56942160553,23,8727736998690816,7,'2017-04-14 23:50:00'),
	(137,56942160553,23,8727736998690816,7,'2017-04-14 23:50:15'),
	(138,56942160553,23,8727736998690816,7,'2017-04-14 23:50:53'),
	(139,56942160553,23,8727736998690816,7,'2017-04-14 23:59:14'),
	(140,56942160553,23,8727736998690816,7,'2017-04-14 23:59:23'),
	(141,4273788854206473,24,11253460114,1,'2017-04-14 23:59:51'),
	(142,56942160553,23,8727736998690816,7,'2017-04-15 00:00:06'),
	(143,4273788854206473,24,11253460114,1,'2017-04-15 00:04:01'),
	(144,4273788854206473,24,11253460114,1,'2017-04-15 00:04:03'),
	(145,4273788854206473,24,11253460114,1,'2017-04-15 00:04:04'),
	(146,4273788854206473,24,11253460114,1,'2017-04-15 00:04:05'),
	(147,13083421022617605,24,11253460114,1,'2017-04-15 00:04:18'),
	(148,13083421022617605,24,11253460114,1,'2017-04-15 00:04:35'),
	(149,13083421022617605,24,11253460114,1,'2017-04-15 00:04:53'),
	(150,56942160553,23,8727736998690816,7,'2017-04-15 00:07:38'),
	(151,56942160553,23,8727736998690816,7,'2017-04-15 00:07:42'),
	(152,56942160553,23,8727736998690816,7,'2017-04-15 00:08:20'),
	(153,56942160553,23,8727736998690816,7,'2017-04-15 00:08:22'),
	(154,56942160553,23,8727736998690816,7,'2017-04-15 00:08:45'),
	(155,13083421022617605,24,11253460114,1,'2017-04-15 00:09:36'),
	(156,56942160553,23,8727736998690816,7,'2017-04-15 00:18:13'),
	(157,56942160553,23,8727736998690816,7,'2017-04-15 00:18:18'),
	(158,13083421022617605,24,11253460114,1,'2017-04-15 00:20:12'),
	(159,13083421022617605,24,11253460114,1,'2017-04-15 00:20:49'),
	(160,56942160553,23,8727736998690816,7,'2017-04-15 00:20:55'),
	(161,56942160553,23,8727736998690816,7,'2017-04-15 00:20:56'),
	(162,13083421022617605,24,11253460114,1,'2017-04-15 00:21:57'),
	(163,13083421022617605,24,11253460114,1,'2017-04-15 00:22:16'),
	(164,56942160553,23,8727736998690816,7,'2017-04-15 00:24:51'),
	(165,4273788854206473,24,11253460114,1,'2017-04-15 00:25:01'),
	(166,56942160553,23,8727736998690816,7,'2017-04-15 00:25:46'),
	(167,56942160553,23,8727736998690816,7,'2017-04-15 00:26:36'),
	(168,56942160553,23,8727736998690816,7,'2017-04-15 00:27:30'),
	(169,11253460114,23,8727736998690816,7,'2017-04-15 11:03:36'),
	(170,13083421022617605,24,11253460114,1,'2017-04-15 11:03:46'),
	(171,11253460114,23,8727736998690816,7,'2017-04-15 11:06:19'),
	(172,13083421022617605,24,11253460114,1,'2017-04-15 12:14:37'),
	(173,13083421022617605,24,11253460114,1,'2017-04-15 12:23:37'),
	(174,13083421022617605,24,11253460114,1,'2017-04-15 12:42:42'),
	(175,13465401321062403,24,13465401321062403,1,'2017-04-15 12:43:23'),
	(176,13465401321062403,24,11253460114,1,'2017-04-15 12:43:33'),
	(177,13465401321062403,24,11253460114,1,'2017-04-15 12:43:55'),
	(178,13465401321062403,24,11253460114,1,'2017-04-15 12:44:24'),
	(179,13465401321062403,24,11253460114,1,'2017-04-15 12:55:49'),
	(180,13465401321062403,24,11253460114,1,'2017-04-15 12:57:29'),
	(181,13465401321062403,24,11253460114,1,'2017-04-15 12:58:09'),
	(182,13465401321062403,24,11253460114,1,'2017-04-15 12:58:44'),
	(183,13465401321062403,24,11253460114,1,'2017-04-15 13:00:28'),
	(184,13465401321062403,24,11253460114,1,'2017-04-15 13:01:18'),
	(185,13465401321062403,24,11253460114,1,'2017-04-15 13:03:00'),
	(186,13465401321062403,24,11253460114,1,'2017-04-15 13:03:26'),
	(187,13465401321062403,24,11253460114,1,'2017-04-15 13:04:10'),
	(188,11253460114,23,8727736998690816,7,'2017-04-15 13:42:59'),
	(189,11253460114,23,8727736998690816,7,'2017-04-15 14:07:43'),
	(190,NULL,23,8727736998690816,7,'2017-04-15 14:25:20'),
	(191,11253460114,23,8727736998690816,7,'2017-04-15 14:27:05'),
	(192,11253460114,23,8727736998690816,7,'2017-04-15 14:27:56'),
	(193,11253460114,23,8727736998690816,7,'2017-04-15 14:28:51'),
	(194,11253460114,23,8727736998690816,7,'2017-04-15 14:54:54'),
	(195,11253460114,23,8727736998690816,7,'2017-04-15 14:55:42'),
	(196,13532582922682370,23,8727736998690816,7,'2017-04-15 14:57:13'),
	(197,13532582922682370,23,8727736998690816,7,'2017-04-15 14:57:35'),
	(198,4273788854206473,23,8727736998690816,7,'2017-04-15 14:57:40'),
	(199,4273788854206473,23,8727736998690816,7,'2017-04-15 14:57:41'),
	(200,13532582922682370,23,8727736998690816,7,'2017-04-15 14:57:44'),
	(201,13532582922682370,23,8727736998690816,7,'2017-04-15 14:58:06'),
	(202,13532582922682370,23,8727736998690816,7,'2017-04-15 15:02:29'),
	(203,13532582922682370,23,8727736998690816,7,'2017-04-15 15:02:56'),
	(204,13532582922682370,23,8727736998690816,7,'2017-04-15 15:06:11'),
	(205,4273788854206473,23,8727736998690816,7,'2017-04-15 15:57:19'),
	(206,4273788854206473,23,8727736998690816,7,'2017-04-15 16:10:50'),
	(207,13532582922682370,22,13585713471684617,7,'2017-04-15 16:42:28'),
	(208,13532582922682370,22,13586053361303556,7,'2017-04-15 16:43:05'),
	(209,13532582922682370,22,13586058931339265,7,'2017-04-15 16:43:06'),
	(210,4273788854206473,22,13589440337281027,7,'2017-04-15 16:49:49'),
	(211,NULL,23,8727736998690816,7,'2017-04-15 17:52:46'),
	(212,NULL,23,8727736998690816,7,'2017-04-15 18:02:26'),
	(213,13719150488715267,24,13719150488715267,1,'2017-04-15 21:08:48'),
	(214,13719882143105025,24,13719882143105025,1,'2017-04-15 21:09:02'),
	(215,11253460114,24,11253460114,1,'2017-04-15 21:26:15'),
	(216,10080887173545989,22,13732654914469890,7,'2017-04-15 21:34:22'),
	(217,13745826228600837,24,13745826228600837,1,'2017-04-15 22:02:38'),
	(218,13748645228707841,24,13748645228707841,1,'2017-04-15 22:06:57'),
	(219,13756061555097600,24,13756061555097600,1,'2017-04-15 22:35:34'),
	(220,13756061555097600,24,13756061555097600,1,'2017-04-15 22:35:36'),
	(221,13784248318165001,24,13784248318165001,1,'2017-04-15 23:16:55'),
	(222,13784248318165001,24,13784248318165001,1,'2017-04-15 23:17:44'),
	(223,13784248318165001,24,13784248318165001,1,'2017-04-15 23:21:50'),
	(224,11253460114,21,13841371332870151,4,'2017-04-16 01:10:22'),
	(225,11253460114,21,13841371794243585,4,'2017-04-16 01:10:22'),
	(226,11253460114,21,13841935894577157,4,'2017-04-16 01:11:29'),
	(227,11253460114,21,13841936204955651,4,'2017-04-16 01:11:29'),
	(228,13770438966509568,24,11253460114,1,'2017-04-16 20:45:36'),
	(229,13770438966509568,24,11253460114,1,'2017-04-16 22:26:48'),
	(230,13770438966509568,24,11253460114,1,'2017-04-16 22:33:54'),
	(231,13770438966509568,24,11253460114,1,'2017-04-16 22:34:43'),
	(232,13770438966509568,24,11253460114,1,'2017-04-16 23:31:03'),
	(233,13770438966509568,24,11253460114,1,'2017-04-16 23:31:39'),
	(234,13770438966509568,23,8727736998690816,7,'2017-04-16 23:35:46'),
	(235,11253460114,21,14604230933348357,4,'2017-04-17 02:26:02'),
	(236,11253460114,21,14604231025623044,4,'2017-04-17 02:26:02'),
	(237,4273788854206473,24,4273788854206473,1,'2017-04-17 16:31:59');

/*!40000 ALTER TABLE `action` ENABLE KEYS */;
UNLOCK TABLES;


# Dump of table article
# ------------------------------------------------------------

DROP TABLE IF EXISTS `article`;

CREATE TABLE `article` (
  `id` bigint(20) unsigned NOT NULL AUTO_INCREMENT,
  `name` varchar(128) NOT NULL DEFAULT '',
  `content` text NOT NULL,
  `description` text,
  `is_del` int(1) NOT NULL,
  `create_ts` timestamp NOT NULL DEFAULT CURRENT_TIMESTAMP,
  `update_ts` timestamp NOT NULL DEFAULT CURRENT_TIMESTAMP ON UPDATE CURRENT_TIMESTAMP,
  PRIMARY KEY (`id`)
) ENGINE=InnoDB DEFAULT CHARSET=utf8mb4;

LOCK TABLES `article` WRITE;
/*!40000 ALTER TABLE `article` DISABLE KEYS */;

INSERT INTO `article` (`id`, `name`, `content`, `description`, `is_del`, `create_ts`, `update_ts`)
VALUES
	(563029249799973,'3333333','<div></div>',NULL,0,'2017-03-27 00:08:14','2017-03-27 00:08:14'),
	(563029382558429,'新文章','<div>新文章</div>',NULL,0,'2017-03-27 00:42:00','2017-03-27 00:42:00'),
	(563029407695002,'新文章','<div>新文章</div>',NULL,0,'2017-03-27 00:48:24','2017-03-27 00:48:24'),
	(5711154756190214,'新文章','<div>新文章</div>',NULL,0,'2017-04-04 19:57:04','2017-04-04 19:57:04'),
	(5740101871075334,'新文章','<div>新文章</div>',NULL,0,'2017-04-04 20:54:35','2017-04-04 20:54:35'),
	(5745245035692041,'新文章','<div>新文章</div>',NULL,0,'2017-04-04 21:04:48','2017-04-04 21:04:48'),
	(5745411440508929,'新文章','<div>新文章</div>',NULL,0,'2017-04-04 21:05:08','2017-04-04 21:05:08'),
	(5755242452877316,'新文章','<div>新文章</div>',NULL,0,'2017-04-04 21:24:40','2017-04-04 21:24:40'),
	(6509596550103045,'新文章','<div>新文章</div>',NULL,0,'2017-04-05 22:23:26','2017-04-05 22:23:26'),
	(6513123783606279,'新文章','<div>新文章</div>',NULL,0,'2017-04-05 22:30:26','2017-04-05 22:30:26'),
	(6525498700070918,'新文章','<div>新文章</div>',NULL,0,'2017-04-05 22:55:02','2017-04-05 22:55:02'),
	(6525500461678593,'新文章','<div>新文章</div>',NULL,0,'2017-04-05 22:55:02','2017-04-05 22:55:02'),
	(6525500839165957,'新文章','<div>新文章</div>',NULL,0,'2017-04-05 22:55:02','2017-04-05 22:55:02'),
	(6525501191487489,'新文章','<div>新文章</div>',NULL,0,'2017-04-05 22:55:02','2017-04-05 22:55:02'),
	(6525501627695108,'新文章','<div>新文章</div>',NULL,0,'2017-04-05 22:55:02','2017-04-05 22:55:02'),
	(6525886882906113,'新文章','<div>新文章</div>',NULL,0,'2017-04-05 22:55:48','2017-04-05 22:55:48'),
	(6526250956881925,'新文章','<div>新文章</div>',NULL,0,'2017-04-05 22:56:31','2017-04-05 22:56:31'),
	(6526251334369289,'新文章','<div>新文章</div>',NULL,0,'2017-04-05 22:56:31','2017-04-05 22:56:31'),
	(6531970041380867,'新文章','<div>新文章</div>',NULL,0,'2017-04-05 23:07:53','2017-04-05 23:07:53'),
	(6531985199595522,'新文章','<div>新文章</div>',NULL,0,'2017-04-05 23:07:55','2017-04-05 23:07:55'),
	(6531990618636296,'新文章','<div>新文章</div>',NULL,0,'2017-04-05 23:07:55','2017-04-05 23:07:55'),
	(6531995232370693,'新文章','<div>新文章</div>',NULL,0,'2017-04-05 23:07:56','2017-04-05 23:07:56'),
	(6531998772363264,'新文章','<div>新文章</div>',NULL,0,'2017-04-05 23:07:56','2017-04-05 23:07:56'),
	(6532000164872196,'新文章','<div>新文章</div>',NULL,0,'2017-04-05 23:07:57','2017-04-05 23:07:57'),
	(6532001406386177,'新文章','<div>新文章</div>',NULL,0,'2017-04-05 23:07:57','2017-04-05 23:07:57'),
	(6532002605957120,'新文章','<div>新文章</div>',NULL,0,'2017-04-05 23:07:57','2017-04-05 23:07:57'),
	(6532003771973632,'新文章','<div>新文章</div>',NULL,0,'2017-04-05 23:07:57','2017-04-05 23:07:57'),
	(6532006221447168,'新文章','<div>新文章</div>',NULL,0,'2017-04-05 23:07:57','2017-04-05 23:07:57'),
	(6559467059544068,'%E6%B5%8B%E8%AF%95','%0A%20%20%20%20%20%20%20%20%20%20%20%20%20%20%20%20%20%20%20%20%3C!--%20%E9%A2%84%E8%A7%88%E5%86%85%E5%AE%B9%20--%3E%0A%20%20%20%20%20%20%20%20%20%20%20%20%20%20%20%20%20%20%20%20%3Cdiv%20class%3D%22preview_wrap%22%3E%3Cdiv%20class%3D%22text_box%22%20data-name%3D%221%22%3E%E6%B5%8B%E8%AF%95%3C%2Fdiv%3E%3C%2Fdiv%3E%0A%20%20%20%20%20%20%20%20%20%20%20%20%20%20%20%20%20%20%20%20%3C!--%20%E9%A2%84%E8%A7%88%E5%86%85%E5%AE%B9%E7%BB%93%E6%9D%9F%20--%3E%0A%20%20%20%20%20%20%20%20%20%20%20%20%20%20%20%20',NULL,0,'2017-04-06 00:02:31','2017-04-06 00:02:31'),
	(7221764815847424,'新文章','<div>新文章</div>',NULL,0,'2017-04-06 21:58:23','2017-04-06 21:58:23'),
	(12283455287066627,'asdf','%0A%20%20%20%20%20%20%20%20%20%20%20%20%20%20%20%20%20%20%20%20%3C!--%20%E9%A2%84%E8%A7%88%E5%86%85%E5%AE%B9%20--%3E%0A%20%20%20%20%20%20%20%20%20%20%20%20%20%20%20%20%20%20%20%20%3Cdiv%20class%3D%22preview_wrap%22%3E%3Cdiv%20class%3D%22img_box%22%20data-name%3D%221%22%20style%3D%22text-align%3A%20center%3B%20padding-left%3A%200px%3B%20padding-right%3A%200px%3B%22%3E%3Cimg%20src%3D%22http%3A%2F%2Fimg.hopapapa.com%2F2017%2F04%2F13%2F21%2F33%2F41%2F%E9%BB%98%E8%AE%A4%E5%A4%B4%E5%83%8F%E5%A5%B3.png%22%20style%3D%22width%3A%2020%25%3B%22%3E%3C%2Fdiv%3E%3Cdiv%20class%3D%22text_box%22%20data-name%3D%222%22%3Easdfasdfasdfasdfasd%3C%2Fdiv%3E%3C%2Fdiv%3E%0A%20%20%20%20%20%20%20%20%20%20%20%20%20%20%20%20%20%20%20%20%3C!--%20%E9%A2%84%E8%A7%88%E5%86%85%E5%AE%B9%E7%BB%93%E6%9D%9F%20--%3E%0A%20%20%20%20%20%20%20%20%20%20%20%20%20%20%20%20',NULL,0,'2017-04-13 21:35:03','2017-04-13 21:35:03'),
	(12285896749481986,'asdfa','\"<div>adsfasd</div>\"',NULL,0,'2017-04-13 21:39:55','2017-04-13 21:39:55'),
	(12287111411531785,'asdf','<div>asdfasdfa</div>',NULL,0,'2017-04-13 21:42:19','2017-04-13 21:42:19'),
	(12287738485145608,'a','%0A%20%20%20%20%20%20%20%20%20%20%20%20%20%20%20%20%20%20%20%20%3C!--%20%E9%A2%84%E8%A7%88%E5%86%85%E5%AE%B9%20--%3E%0A%20%20%20%20%20%20%20%20%20%20%20%20%20%20%20%20%20%20%20%20%3Cdiv%20class%3D%22preview_wrap%22%3E%3Cdiv%20class%3D%22text_box%22%20data-name%3D%221%22%3Eceshi%3C%2Fdiv%3E%3C%2Fdiv%3E%0A%20%20%20%20%20%20%20%20%20%20%20%20%20%20%20%20%20%20%20%20%3C!--%20%E9%A2%84%E8%A7%88%E5%86%85%E5%AE%B9%E7%BB%93%E6%9D%9F%20--%3E%0A%20%20%20%20%20%20%20%20%20%20%20%20%20%20%20%20',NULL,0,'2017-04-13 21:43:34','2017-04-13 21:43:34'),
	(12292534353002502,'%E6%B5%8B%E8%AF%95%E5%8F%91%E5%B8%83','%0A%20%20%20%20%20%20%20%20%20%20%20%20%20%20%20%20%20%20%20%20%3C!--%20%E9%A2%84%E8%A7%88%E5%86%85%E5%AE%B9%20--%3E%0A%20%20%20%20%20%20%20%20%20%20%20%20%20%20%20%20%20%20%20%20%3Cdiv%20class%3D%22preview_wrap%22%3E%3Cdiv%20class%3D%22text_box%22%20data-name%3D%222%22%3E%E6%B5%8B%E8%AF%95%E6%95%B0%E6%8D%AE%3C%2Fdiv%3E%3C%2Fdiv%3E%0A%20%20%20%20%20%20%20%20%20%20%20%20%20%20%20%20%20%20%20%20%3C!--%20%E9%A2%84%E8%A7%88%E5%86%85%E5%AE%B9%E7%BB%93%E6%9D%9F%20--%3E%0A%20%20%20%20%20%20%20%20%20%20%20%20%20%20%20%20',NULL,0,'2017-04-13 21:53:06','2017-04-13 21:53:06'),
	(12297703841071113,'aa','%0A%20%20%20%20%20%20%20%20%20%20%20%20%20%20%20%20%20%20%20%20%3C!--%20%E9%A2%84%E8%A7%88%E5%86%85%E5%AE%B9%20--%3E%0A%20%20%20%20%20%20%20%20%20%20%20%20%20%20%20%20%20%20%20%20%3Cdiv%20class%3D%22preview_wrap%22%3E%3Cdiv%20class%3D%22text_box%22%20data-name%3D%221%22%3Eaaaaa%3C%2Fdiv%3E%3C%2Fdiv%3E%0A%20%20%20%20%20%20%20%20%20%20%20%20%20%20%20%20%20%20%20%20%3C!--%20%E9%A2%84%E8%A7%88%E5%86%85%E5%AE%B9%E7%BB%93%E6%9D%9F%20--%3E%0A%20%20%20%20%20%20%20%20%20%20%20%20%20%20%20%20',NULL,0,'2017-04-13 22:03:22','2017-04-13 22:03:22'),
	(12299115752849410,'aaa','%0A%20%20%20%20%20%20%20%20%20%20%20%20%20%20%20%20%20%20%20%20%3C!--%20%E9%A2%84%E8%A7%88%E5%86%85%E5%AE%B9%20--%3E%0A%20%20%20%20%20%20%20%20%20%20%20%20%20%20%20%20%20%20%20%20%3Cdiv%20class%3D%22preview_wrap%22%3E%3Cdiv%20class%3D%22text_box%22%20data-name%3D%221%22%3Edfadfads%3C%2Fdiv%3E%3C%2Fdiv%3E%0A%20%20%20%20%20%20%20%20%20%20%20%20%20%20%20%20%20%20%20%20%3C!--%20%E9%A2%84%E8%A7%88%E5%86%85%E5%AE%B9%E7%BB%93%E6%9D%9F%20--%3E%0A%20%20%20%20%20%20%20%20%20%20%20%20%20%20%20%20',NULL,0,'2017-04-13 22:06:10','2017-04-13 22:06:10'),
	(12301463405461513,'%E8%BD%AC%E7%A0%81%E6%B5%8B%E8%AF%95','%0A%20%20%20%20%20%20%20%20%20%20%20%20%20%20%20%20%20%20%20%20%3C!--%20%E9%A2%84%E8%A7%88%E5%86%85%E5%AE%B9%20--%3E%0A%20%20%20%20%20%20%20%20%20%20%20%20%20%20%20%20%20%20%20%20%3Cdiv%20class%3D%22preview_wrap%22%3E%3Cdiv%20class%3D%22text_box%22%20data-name%3D%221%22%3Edfadfads%3C%2Fdiv%3E%3C%2Fdiv%3E%0A%20%20%20%20%20%20%20%20%20%20%20%20%20%20%20%20%20%20%20%20%3C!--%20%E9%A2%84%E8%A7%88%E5%86%85%E5%AE%B9%E7%BB%93%E6%9D%9F%20--%3E%0A%20%20%20%20%20%20%20%20%20%20%20%20%20%20%20%20',NULL,0,'2017-04-13 22:10:50','2017-04-13 22:10:50'),
	(12302280967585793,'ceshi','%0A%20%20%20%20%20%20%20%20%20%20%20%20%20%20%20%20%20%20%20%20%3C!--%20%E9%A2%84%E8%A7%88%E5%86%85%E5%AE%B9%20--%3E%0A%20%20%20%20%20%20%20%20%20%20%20%20%20%20%20%20%20%20%20%20%3Cdiv%20class%3D%22preview_wrap%22%3E%3Cdiv%20class%3D%22text_box%22%20data-name%3D%221%22%3E%E6%B5%8B%E8%AF%95%3C%2Fdiv%3E%3C%2Fdiv%3E%0A%20%20%20%20%20%20%20%20%20%20%20%20%20%20%20%20%20%20%20%20%3C!--%20%E9%A2%84%E8%A7%88%E5%86%85%E5%AE%B9%E7%BB%93%E6%9D%9F%20--%3E%0A%20%20%20%20%20%20%20%20%20%20%20%20%20%20%20%20',NULL,0,'2017-04-13 22:12:28','2017-04-13 22:12:28'),
	(12305783546970120,'新文章','<div>新文章</div>',NULL,0,'2017-04-13 22:19:25','2017-04-13 22:19:25'),
	(12306812074196999,'asdf','\n                    <!-- 预览内容 -->\n                    <div class=\"preview_wrap\"><div class=\"text_box\" data-name=\"1\">asdfads</div></div>\n                    <!-- 预览内容结束 -->\n                ',NULL,0,'2017-04-13 22:21:28','2017-04-13 22:21:28'),
	(12307450304659460,'asdf','\n                    <!-- 预览内容 -->\n                    <div class=\"preview_wrap\"><div class=\"text_box\" data-name=\"1\">asdf</div></div>\n                    <!-- 预览内容结束 -->\n                ',NULL,0,'2017-04-13 22:22:44','2017-04-13 22:22:44'),
	(12307652855988227,'fasdf','\n                    <!-- 预览内容 -->\n                    <div class=\"preview_wrap\"><div class=\"text_box\" data-name=\"2\">asdfasdfas</div></div>\n                    <!-- 预览内容结束 -->\n                ',NULL,0,'2017-04-13 22:23:08','2017-04-13 22:23:08'),
	(12308885880700934,'asdkjfa;sdjf','<!-- 预览内容 -->\n                    <div class=\"preview_wrap\"><div class=\"text_box\" data-name=\"1\">asdfadsf</div></div>\n                    <!-- 预览内容结束 -->',NULL,0,'2017-04-13 22:25:35','2017-04-13 22:25:35'),
	(12309039836823553,'asdkjfa;sdjf','\"<!-- 预览内容 -->\n                    <div class=\"preview_wrap\"><div class=\"text_box\" data-name=\"1\">asdfadsf</div></div>\n                    <!-- 预览内容结束 -->\"',NULL,0,'2017-04-13 22:25:53','2017-04-13 22:25:53'),
	(12309176210423816,'asdkjfa;sdjf','\n                    <div class=\"preview_wrap\"><div class=\"text_box\" data-name=\"1\">asdfadsf</div></div>\n                  ',NULL,0,'2017-04-13 22:26:10','2017-04-13 22:26:10'),
	(12309358503264259,'asdkjfa;sdjf',' <div class=\"preview_wrap\"><div class=\"text_box\" data-name=\"1\">asdfadsf</div></div>',NULL,0,'2017-04-13 22:26:31','2017-04-13 22:26:31'),
	(12309373107830789,'asdkjfa;sdjf',' <div class=\"preview_wrap\"><div class=\"text_box\" data-name=\"1\">asdfadsf</div></div>',NULL,0,'2017-04-13 22:26:33','2017-04-13 22:26:33'),
	(12309417533898759,'asdkjfa;sdjf',' <div class=\"preview_wrap\"><div class=\"text_box\" data-name=\"1\">asdfadsf</div></div>',NULL,0,'2017-04-13 22:26:38','2017-04-13 22:26:38'),
	(12309424966205449,'asdkjfa;sdjf',' <div class=\"preview_wrap\"><div class=\"text_box\" data-name=\"1\">asdfadsf</div></div>',NULL,0,'2017-04-13 22:26:39','2017-04-13 22:26:39'),
	(12310015297716227,'asdkjfa;sdjf','<!-- 预览内容 -->\n                    <div class=\"preview_wrap\"><div class=\"text_box\" data-name=\"1\">asdfadsf</div></div>\n                    <!-- 预览内容结束 -->',NULL,0,'2017-04-13 22:27:50','2017-04-13 22:27:50'),
	(12310735359049731,'%E5%9C%A8%E7%BA%BF%E6%B5%8B%E8%AF%95','%0A%20%20%20%20%20%20%20%20%20%20%20%20%20%20%20%20%20%20%20%20%3C!--%20%E9%A2%84%E8%A7%88%E5%86%85%E5%AE%B9%20--%3E%0A%20%20%20%20%20%20%20%20%20%20%20%20%20%20%20%20%20%20%20%20%3Cdiv%20class%3D%22preview_wrap%22%3E%3Cdiv%20class%3D%22text_box%22%20data-name%3D%221%22%3E%E5%9C%A8%E7%BA%BF%E6%B5%8B%E8%AF%95%3C%2Fdiv%3E%3Cdiv%20class%3D%22img_box%22%20data-name%3D%222%22%3E%3Cimg%20src%3D%22http%3A%2F%2Fimg.hopapapa.com%2F2017%2F04%2F13%2F22%2F29%2F14%2F%E9%BB%98%E8%AE%A4%E5%A4%B4%E5%83%8F%E5%A5%B3.png%22%3E%3C%2Fdiv%3E%3C%2Fdiv%3E%0A%20%20%20%20%20%20%20%20%20%20%20%20%20%20%20%20%20%20%20%20%3C!--%20%E9%A2%84%E8%A7%88%E5%86%85%E5%AE%B9%E7%BB%93%E6%9D%9F%20--%3E%0A%20%20%20%20%20%20%20%20%20%20%20%20%20%20%20%20',NULL,0,'2017-04-13 22:29:16','2017-04-13 22:29:16'),
	(12311750053462025,'在线测试','\n                    <!-- 预览内容 -->\n                    <div class=\"preview_wrap\"><div class=\"text_box\" data-name=\"1\">adsf</div><div class=\"img_box\" data-name=\"2\"><img src=\"http://img.hopapapa.com/2017/04/13/22/31/13/默认头像女.png\"></div></div>\n                    <!-- 预览内容结束 -->\n                ',NULL,0,'2017-04-13 22:31:16','2017-04-13 22:31:16'),
	(12312053687517188,'asdkjfa;sdjf','<!-- 预览内容 -->\n                    <div class=\"preview_wrap\"><div class=\"text_box\" data-name=\"1\">adsf</div><div class=\"img_box\" data-name=\"2\"><img src=\"http://img.hopapapa.com/2017/04/13/22/31/13/默认头像女.png\"></div></div>\n                    <!-- 预览内容结束 -->',NULL,0,'2017-04-13 22:31:53','2017-04-13 22:31:53'),
	(12312786583420928,'asdkjfa;sdjf','<div>hahaha</div>',NULL,0,'2017-04-13 22:33:20','2017-04-13 22:33:20'),
	(12313200913547269,'在线测试','\n                    <!-- 预览内容 -->\n                    <div class=\"preview_wrap\"><div class=\"text_box\" data-name=\"1\">adsf</div><div class=\"img_box\" data-name=\"2\"><img src=\"http://img.hopapapa.com/2017/04/13/22/31/13/默认头像女.png\"></div></div>\n                    <!-- 预览内容结束 -->\n                ',NULL,0,'2017-04-13 22:34:09','2017-04-13 22:34:09'),
	(12316970703650822,'asdkjfa;sdjf','<!-- 预览内容 -->\n                    <div class=\"preview_wrap\"><div class=\"text_box\" data-name=\"1\">adsf</div><div class=\"img_box\" data-name=\"2\"><img src=\"http://img.hopapapa.com/2017/04/13/22/31/13/默认头像女.png\"></div></div>\n                    <!-- 预览内容结束 -->',NULL,0,'2017-04-13 22:41:39','2017-04-13 22:41:39'),
	(12317697601699846,'在线测试','\n                    <!-- 预览内容 -->\n                    <div class=\"preview_wrap\"><div class=\"text_box\" data-name=\"1\">adsf</div><div class=\"img_box\" data-name=\"2\"><img src=\"http://img.hopapapa.com/2017/04/13/22/31/13/默认头像女.png\"></div></div>\n                    <!-- 预览内容结束 -->\n                ',NULL,0,'2017-04-13 22:43:05','2017-04-13 22:43:05'),
	(12317697685585922,'在线测试','\n                    <!-- 预览内容 -->\n                    <div class=\"preview_wrap\"><div class=\"text_box\" data-name=\"1\">adsf</div><div class=\"img_box\" data-name=\"2\"><img src=\"http://img.hopapapa.com/2017/04/13/22/31/13/默认头像女.png\"></div></div>\n                    <!-- 预览内容结束 -->\n                ',NULL,0,'2017-04-13 22:43:05','2017-04-13 22:43:05'),
	(12318191388721152,'测试','\n                    <!-- 预览内容 -->\n                    <div class=\"preview_wrap\"><div class=\"text_box\" data-name=\"1\">测试</div><div class=\"img_box\" data-name=\"2\"><img src=\"http://img.hopapapa.com/2017/04/13/22/44/03/默认头像男.png\"></div></div>\n                    <!-- 预览内容结束 -->\n                ',NULL,0,'2017-04-13 22:44:04','2017-04-13 22:44:04'),
	(14194670150090756,'新文章','<div>新文章</div>',NULL,0,'2017-04-16 12:52:18','2017-04-16 12:52:18');

/*!40000 ALTER TABLE `article` ENABLE KEYS */;
UNLOCK TABLES;


# Dump of table channel
# ------------------------------------------------------------

DROP TABLE IF EXISTS `channel`;

CREATE TABLE `channel` (
  `id` int(11) unsigned NOT NULL AUTO_INCREMENT,
  `name` varchar(64) NOT NULL DEFAULT '',
  PRIMARY KEY (`id`)
) ENGINE=InnoDB DEFAULT CHARSET=utf8mb4;



# Dump of table code
# ------------------------------------------------------------

DROP TABLE IF EXISTS `code`;

CREATE TABLE `code` (
  `id` int(11) unsigned NOT NULL AUTO_INCREMENT,
  `mobile` varchar(11) NOT NULL DEFAULT '',
  `code` varchar(6) NOT NULL DEFAULT '',
  `is_del` int(1) NOT NULL DEFAULT '0',
  `create_ts` timestamp NOT NULL DEFAULT CURRENT_TIMESTAMP,
  PRIMARY KEY (`id`)
) ENGINE=InnoDB DEFAULT CHARSET=utf8mb4;

LOCK TABLES `code` WRITE;
/*!40000 ALTER TABLE `code` DISABLE KEYS */;

INSERT INTO `code` (`id`, `mobile`, `code`, `is_del`, `create_ts`)
VALUES
	(1,'18311233541','442356',1,'2017-03-15 16:32:16'),
	(2,'18311233541','774081',1,'2017-03-15 16:32:16'),
	(3,'18311233541','516895',1,'2017-03-15 16:35:29'),
	(4,'18311233541','757364',1,'2017-03-19 23:30:05'),
	(5,'18311233541','773127',1,'2017-03-19 23:30:15'),
	(6,'18311233541','896506',1,'2017-03-20 00:18:31'),
	(7,'18311233541','677231',1,'2017-03-20 00:19:05'),
	(8,'18311233541','326124',1,'2017-03-20 01:11:02'),
	(9,'18311233541','344800',1,'2017-03-20 01:19:40'),
	(10,'18311233541','178835',1,'2017-03-25 16:10:29'),
	(11,'18311233541','446650',1,'2017-03-25 16:20:20'),
	(12,'18311233541','411063',1,'2017-03-25 16:20:57'),
	(13,'18311233541','459549',1,'2017-03-25 16:23:11'),
	(14,'18311233541','637667',1,'2017-03-25 16:25:14'),
	(15,'18311233541','483319',1,'2017-03-25 16:26:35'),
	(16,'18311233541','872190',1,'2017-03-25 16:28:03'),
	(17,'18311233541','609835',1,'2017-03-25 16:34:01'),
	(18,'18311233541','303988',1,'2017-03-25 16:35:11'),
	(19,'18311233541','162268',1,'2017-03-25 16:41:35'),
	(20,'18311233541','404149',1,'2017-03-25 16:42:01'),
	(21,'18311233541','697153',1,'2017-03-25 16:43:54'),
	(22,'18311233541','537486',1,'2017-03-25 16:44:16'),
	(23,'18311233541','118192',1,'2017-03-25 16:44:29'),
	(24,'18311233541','791848',1,'2017-03-25 16:44:54'),
	(25,'18311233541','443472',1,'2017-03-25 16:46:36'),
	(26,'18311233541','313822',1,'2017-03-25 16:47:20'),
	(27,'18311233541','578265',1,'2017-03-25 17:00:58'),
	(28,'18311233541','293361',1,'2017-03-25 17:09:08'),
	(29,'18311233541','946266',1,'2017-03-25 17:12:46'),
	(30,'18311233541','458453',1,'2017-03-25 17:13:19'),
	(31,'18311233541','188892',1,'2017-03-25 17:15:33'),
	(32,'18311233541','481562',1,'2017-03-25 17:15:50'),
	(33,'18311233541','278062',1,'2017-03-25 17:17:42'),
	(34,'18311233541','664784',1,'2017-03-25 17:18:05'),
	(35,'18311233541','234259',1,'2017-03-25 17:18:51'),
	(36,'18311233541','543785',1,'2017-03-25 17:26:53'),
	(37,'18311233541','234417',1,'2017-03-25 17:54:37');

/*!40000 ALTER TABLE `code` ENABLE KEYS */;
UNLOCK TABLES;


# Dump of table collection
# ------------------------------------------------------------

DROP TABLE IF EXISTS `collection`;

CREATE TABLE `collection` (
  `id` bigint(20) unsigned NOT NULL AUTO_INCREMENT,
  `name` varchar(64) NOT NULL DEFAULT '',
  `poster` varchar(256) NOT NULL DEFAULT '',
  `position` int(11) NOT NULL,
  `description` text NOT NULL,
  `create_ts` timestamp NOT NULL DEFAULT CURRENT_TIMESTAMP,
  `update_ts` timestamp NOT NULL DEFAULT CURRENT_TIMESTAMP ON UPDATE CURRENT_TIMESTAMP,
  PRIMARY KEY (`id`)
) ENGINE=InnoDB DEFAULT CHARSET=utf8mb4;

LOCK TABLES `collection` WRITE;
/*!40000 ALTER TABLE `collection` DISABLE KEYS */;

INSERT INTO `collection` (`id`, `name`, `poster`, `position`, `description`, `create_ts`, `update_ts`)
VALUES
	(1,'电影','',1,'','2017-04-04 23:23:29','2017-04-04 23:23:29');

/*!40000 ALTER TABLE `collection` ENABLE KEYS */;
UNLOCK TABLES;


# Dump of table collection_resource
# ------------------------------------------------------------

DROP TABLE IF EXISTS `collection_resource`;

CREATE TABLE `collection_resource` (
  `id` int(11) unsigned NOT NULL AUTO_INCREMENT,
  `collection_id` bigint(20) NOT NULL,
  `res_id` bigint(20) NOT NULL,
  `res_type` int(2) NOT NULL,
  `position` int(11) NOT NULL,
  `create_ts` timestamp NOT NULL DEFAULT CURRENT_TIMESTAMP,
  `update_ts` timestamp NOT NULL DEFAULT CURRENT_TIMESTAMP ON UPDATE CURRENT_TIMESTAMP,
  PRIMARY KEY (`id`)
) ENGINE=InnoDB DEFAULT CHARSET=utf8mb4;



# Dump of table comment
# ------------------------------------------------------------

DROP TABLE IF EXISTS `comment`;

CREATE TABLE `comment` (
  `id` bigint(20) unsigned NOT NULL,
  `user_id` bigint(20) NOT NULL,
  `to_user_id` bigint(20) NOT NULL,
  `res_id` bigint(20) NOT NULL,
  `res_type` int(1) NOT NULL,
  `content` text NOT NULL,
  `is_del` int(1) NOT NULL DEFAULT '0',
  `create_ts` timestamp NOT NULL DEFAULT CURRENT_TIMESTAMP,
  `update_ts` timestamp NOT NULL DEFAULT CURRENT_TIMESTAMP ON UPDATE CURRENT_TIMESTAMP,
  PRIMARY KEY (`id`),
  KEY `comment_res_id_index` (`res_id`)
) ENGINE=InnoDB DEFAULT CHARSET=utf8mb4;

LOCK TABLES `comment` WRITE;
/*!40000 ALTER TABLE `comment` DISABLE KEYS */;

INSERT INTO `comment` (`id`, `user_id`, `to_user_id`, `res_id`, `res_type`, `content`, `is_del`, `create_ts`, `update_ts`)
VALUES
	(1,1,1,0,2,'资源1的评论',0,'2017-03-14 13:17:31','2017-03-14 13:36:11'),
	(2,2,1,0,2,'资源1的第二条评论',0,'2017-03-14 13:18:13','2017-03-14 13:36:11'),
	(281497171721585,11253460114,0,8727736998690816,7,'第一条评论',0,'2017-03-16 14:06:33','2017-04-15 15:02:52'),
	(281497196776889,11253460114,0,11253470112,2,'第一条评论',0,'2017-03-16 14:12:55','2017-03-16 14:12:55'),
	(281497200972528,11253460114,0,11253470112,2,'第一条评论',0,'2017-03-16 14:13:59','2017-03-16 14:13:59'),
	(281497217648481,11253460114,11253460112,281497171721585,3,'第一条回复',0,'2017-03-16 14:18:13','2017-03-16 14:18:13'),
	(281497282908654,11253460114,0,11253470112,2,'第一条评论',0,'2017-03-16 14:34:50','2017-03-16 14:34:50'),
	(281502824720272,11253460114,0,11253470112,2,'第一条评论',0,'2017-03-17 22:04:12','2017-03-17 22:04:12'),
	(281514897720482,11253460114,0,11253470112,2,'第一条评论',0,'2017-03-20 01:14:34','2017-03-20 01:14:34'),
	(281514898253463,11253460114,11253460112,281497171721585,3,'第一条回复',0,'2017-03-20 01:14:42','2017-03-20 01:14:42'),
	(281564996939349,11253460114,0,11253470112,2,'第一条评论',0,'2017-03-28 21:35:21','2017-03-28 21:35:21'),
	(281564997102868,11253460114,0,11253470112,2,'第一条评论',0,'2017-03-28 21:35:24','2017-03-28 21:35:24'),
	(281564999605704,11253460114,0,11253470112,2,'今天天气好',0,'2017-03-28 21:36:02','2017-03-28 21:36:02'),
	(688945973166087,11253460114,0,11253470112,2,'今天天气好',0,'2017-03-28 21:38:44','2017-03-28 21:38:44'),
	(5824430265597952,11253460114,0,11253470112,2,'第一条评论',0,'2017-04-04 23:42:08','2017-04-04 23:42:08'),
	(5824503531700232,11253460114,0,11253470112,2,'第一条评论',0,'2017-04-04 23:42:16','2017-04-04 23:42:16'),
	(5824727482368006,11253460114,11253460112,281497171721585,3,'第一条回复',0,'2017-04-04 23:42:43','2017-04-04 23:42:43'),
	(7110488152342532,11253460114,0,11253470112,2,'第一条评论',0,'2017-04-06 18:17:18','2017-04-06 18:17:18'),
	(7213209182273536,11253460114,0,11253470112,2,'第一条评论',0,'2017-04-06 21:41:23','2017-04-06 21:41:23'),
	(7213234868191234,11253460114,11253460112,281497171721585,3,'第一条回复',0,'2017-04-06 21:41:26','2017-04-06 21:41:26'),
	(9320571787542536,11253460114,11253460112,281497171721585,3,'第一条回复',0,'2017-04-09 19:28:20','2017-04-13 22:23:45'),
	(9320936842985475,11253460114,11253460112,7213234868191234,3,'一条回复',0,'2017-04-09 19:29:04','2017-04-09 19:29:04'),
	(9320943033778183,11253460114,11253460112,7213234868191234,3,'一条回复',0,'2017-04-09 19:29:04','2017-04-09 19:29:04'),
	(9320944812163073,11253460114,11253460112,7213234868191234,3,'一条回复',0,'2017-04-09 19:29:05','2017-04-09 19:29:05'),
	(9320946431164421,11253460114,11253460112,7213234868191234,3,'一条回复',0,'2017-04-09 19:29:05','2017-04-09 19:29:05'),
	(9320947706232837,11253460114,11253460112,7213234868191234,3,'一条回复',0,'2017-04-09 19:29:05','2017-04-09 19:29:05'),
	(9320949207793664,11253460114,11253460112,7213234868191234,3,'一条回复',0,'2017-04-09 19:29:05','2017-04-09 19:29:05'),
	(9320950659022851,11253460114,11253460112,7213234868191234,3,'一条回复',0,'2017-04-09 19:29:05','2017-04-09 19:29:05'),
	(9320952093474823,11253460114,11253460112,7213234868191234,3,'一条回复',0,'2017-04-09 19:29:06','2017-04-09 19:29:06'),
	(9320953410486281,11253460114,11253460112,7213234868191234,3,'一条回复',0,'2017-04-09 19:29:06','2017-04-09 19:29:06'),
	(9320955054653442,11253460114,11253460112,7213234868191234,3,'一条回复',0,'2017-04-09 19:29:06','2017-04-09 19:29:06');

/*!40000 ALTER TABLE `comment` ENABLE KEYS */;
UNLOCK TABLES;


# Dump of table focus
# ------------------------------------------------------------

DROP TABLE IF EXISTS `focus`;

CREATE TABLE `focus` (
  `id` int(11) unsigned NOT NULL AUTO_INCREMENT,
  `name` varchar(16) NOT NULL DEFAULT '',
  `data` json DEFAULT NULL,
  `type` int(2) NOT NULL,
  `is_del` int(1) NOT NULL,
  `create_ts` timestamp NOT NULL DEFAULT CURRENT_TIMESTAMP,
  `update_ts` timestamp NOT NULL DEFAULT CURRENT_TIMESTAMP ON UPDATE CURRENT_TIMESTAMP,
  PRIMARY KEY (`id`)
) ENGINE=InnoDB DEFAULT CHARSET=utf8mb4;

LOCK TABLES `focus` WRITE;
/*!40000 ALTER TABLE `focus` DISABLE KEYS */;

INSERT INTO `focus` (`id`, `name`, `data`, `type`, `is_del`, `create_ts`, `update_ts`)
VALUES
	(1,'首页 ','{"data": {"name": 1}}',81,0,'2017-04-02 23:26:02','2017-04-02 23:26:02');

/*!40000 ALTER TABLE `focus` ENABLE KEYS */;
UNLOCK TABLES;


# Dump of table home_page
# ------------------------------------------------------------

DROP TABLE IF EXISTS `home_page`;

CREATE TABLE `home_page` (
  `id` int(11) unsigned NOT NULL AUTO_INCREMENT,
  `name` varchar(32) NOT NULL DEFAULT '',
  `poster` varchar(215) NOT NULL DEFAULT '',
  `url` varchar(512) NOT NULL DEFAULT '',
  `res_id` bigint(20) NOT NULL,
  `res_type` int(2) NOT NULL,
  `type` int(2) NOT NULL,
  `description` text,
  `width_weight` float DEFAULT '1',
  `position` int(11) NOT NULL DEFAULT '0',
  `is_del` int(1) NOT NULL DEFAULT '0',
  `create_ts` timestamp NOT NULL DEFAULT CURRENT_TIMESTAMP,
  `update_ts` timestamp NOT NULL DEFAULT CURRENT_TIMESTAMP ON UPDATE CURRENT_TIMESTAMP,
  PRIMARY KEY (`id`)
) ENGINE=InnoDB DEFAULT CHARSET=utf8mb4;

LOCK TABLES `home_page` WRITE;
/*!40000 ALTER TABLE `home_page` DISABLE KEYS */;

INSERT INTO `home_page` (`id`, `name`, `poster`, `url`, `res_id`, `res_type`, `type`, `description`, `width_weight`, `position`, `is_del`, `create_ts`, `update_ts`)
VALUES
	(2,'','http://img.hopapapa.com/2017/04/06/22/04/22/timg.jpeg','',8727736998690816,7,82,NULL,1,90,0,'2017-04-13 00:12:55','2017-04-13 00:18:51'),
	(3,'','http://img.hopapapa.com/2017/04/06/22/04/22/timg.jpeg','',8725850291699712,7,82,NULL,1,80,0,'2017-04-13 00:12:55','2017-04-13 00:18:52'),
	(4,'','http://img.hopapapa.com/2017/04/06/22/04/22/timg.jpeg','',8727736998690816,7,82,NULL,1,90,0,'2017-04-13 00:13:54','2017-04-15 17:29:40'),
	(5,'','http://img.hopapapa.com/2017/04/06/22/04/22/timg.jpeg','',8725850291699712,7,81,NULL,1,80,0,'2017-04-13 00:13:54','2017-04-15 17:29:41'),
	(6,'','http://img.hopapapa.com/2017/04/06/22/04/22/timg.jpeg','',8725850291699712,7,81,NULL,1,70,0,'2017-04-13 00:13:55','2017-04-13 00:18:57');

/*!40000 ALTER TABLE `home_page` ENABLE KEYS */;
UNLOCK TABLES;


# Dump of table image
# ------------------------------------------------------------

DROP TABLE IF EXISTS `image`;

CREATE TABLE `image` (
  `id` bigint(20) unsigned NOT NULL AUTO_INCREMENT,
  `user_id` bigint(20) NOT NULL,
  `url` varchar(512) NOT NULL DEFAULT '',
  `ext` json DEFAULT NULL,
  `is_del` int(1) NOT NULL DEFAULT '0',
  `create_ts` timestamp NOT NULL DEFAULT CURRENT_TIMESTAMP,
  `update_ts` timestamp NOT NULL DEFAULT CURRENT_TIMESTAMP ON UPDATE CURRENT_TIMESTAMP,
  PRIMARY KEY (`id`)
) ENGINE=InnoDB DEFAULT CHARSET=utf8mb4;

LOCK TABLES `image` WRITE;
/*!40000 ALTER TABLE `image` DISABLE KEYS */;

INSERT INTO `image` (`id`, `user_id`, `url`, `ext`, `is_del`, `create_ts`, `update_ts`)
VALUES
	(1,11,'',NULL,1,'2017-03-31 21:37:38','2017-03-31 21:37:43'),
	(2907966713888774,11253460114,'https://ss0.baidu.com/7Po3dSag_xI4khGko9WTAnF6hhy/image/h%3D200/sign=b1f06972037b020813c938e152dbf25f/37d3d539b6003af3e5719db73c2ac65c1138b61a.jpg',NULL,0,'2017-03-31 23:07:38','2017-03-31 23:07:38'),
	(2907968014123011,11253460114,'https://ss1.bdstatic.com/70cFuXSh_Q1YnxGkpoWK1HF6hhy/it/u=626233084,840413755&fm=23&gp=0.jpg',NULL,0,'2017-03-31 23:07:38','2017-03-31 23:07:38'),
	(2909269959639046,11253460114,'https://ss0.baidu.com/7Po3dSag_xI4khGko9WTAnF6hhy/image/h%3D200/sign=b1f06972037b020813c938e152dbf25f/37d3d539b6003af3e5719db73c2ac65c1138b61a.jpg',NULL,0,'2017-03-31 23:10:14','2017-03-31 23:10:14'),
	(2909270211297289,11253460114,'https://ss1.bdstatic.com/70cFuXSh_Q1YnxGkpoWK1HF6hhy/it/u=626233084,840413755&fm=23&gp=0.jpg',NULL,0,'2017-03-31 23:10:14','2017-03-31 23:10:14'),
	(2912703366561799,11253460114,'https://ss0.baidu.com/7Po3dSag_xI4khGko9WTAnF6hhy/image/h%3D200/sign=b1f06972037b020813c938e152dbf25f/37d3d539b6003af3e5719db73c2ac65c1138b61a.jpg',NULL,0,'2017-03-31 23:17:03','2017-03-31 23:17:03'),
	(2912703400116231,11253460114,'https://ss1.bdstatic.com/70cFuXSh_Q1YnxGkpoWK1HF6hhy/it/u=626233084,840413755&fm=23&gp=0.jpg',NULL,0,'2017-03-31 23:17:03','2017-03-31 23:17:03'),
	(7215696127721476,11253460114,'https://ss0.baidu.com/7Po3dSag_xI4khGko9WTAnF6hhy/image/h%3D200/sign=b1f06972037b020813c938e152dbf25f/37d3d539b6003af3e5719db73c2ac65c1138b61a.jpg',NULL,0,'2017-04-06 21:46:23','2017-04-06 21:46:23'),
	(7215722870603776,11253460114,'https://ss1.bdstatic.com/70cFuXSh_Q1YnxGkpoWK1HF6hhy/it/u=626233084,840413755&fm=23&gp=0.jpg',NULL,0,'2017-04-06 21:46:23','2017-04-06 21:46:23'),
	(8680746004774920,11253460114,'https://ss0.baidu.com/7Po3dSag_xI4khGko9WTAnF6hhy/image/h%3D200/sign=b1f06972037b020813c938e152dbf25f/37d3d539b6003af3e5719db73c2ac65c1138b61a.jpg',NULL,0,'2017-04-08 22:17:07','2017-04-08 22:17:07'),
	(8680747573444610,11253460114,'https://ss1.bdstatic.com/70cFuXSh_Q1YnxGkpoWK1HF6hhy/it/u=626233084,840413755&fm=23&gp=0.jpg',NULL,0,'2017-04-08 22:17:07','2017-04-08 22:17:07'),
	(12263849575055362,11253460114,'https://ss0.baidu.com/7Po3dSag_xI4khGko9WTAnF6hhy/image/h%3D200/sign=b1f06972037b020813c938e152dbf25f/37d3d539b6003af3e5719db73c2ac65c1138b61a.jpg',NULL,0,'2017-04-13 20:56:06','2017-04-13 20:56:06'),
	(12263849877045251,11253460114,'https://ss1.bdstatic.com/70cFuXSh_Q1YnxGkpoWK1HF6hhy/it/u=626233084,840413755&fm=23&gp=0.jpg',NULL,0,'2017-04-13 20:56:06','2017-04-13 20:56:06'),
	(12289976582537223,10080887173545989,'http://pic.hopapapa.com/513784080721490.9375000715410F4923765FB54759B4D162A13F.jpg',NULL,0,'2017-04-13 21:48:01','2017-04-13 21:48:01'),
	(12289976674811911,10080887173545989,'http://pic.hopapapa.com/513784080721490.9375000715410F4923765FB54759B4D162A13F.jpg',NULL,0,'2017-04-13 21:48:01','2017-04-13 21:48:01'),
	(12290088025194496,10080887173545989,'http://pic.hopapapa.com/513784094216664.0000000715410F4923765FB54759B4D162A13F.jpg',NULL,0,'2017-04-13 21:48:14','2017-04-13 21:48:14'),
	(12290088092303364,10080887173545989,'http://pic.hopapapa.com/513784094216664.0000000715410F4923765FB54759B4D162A13F.jpg',NULL,0,'2017-04-13 21:48:14','2017-04-13 21:48:14'),
	(12296665037799425,11253460114,'https://ss0.baidu.com/7Po3dSag_xI4khGko9WTAnF6hhy/image/h%3D200/sign=b1f06972037b020813c938e152dbf25f/37d3d539b6003af3e5719db73c2ac65c1138b61a.jpg',NULL,0,'2017-04-13 22:01:18','2017-04-13 22:01:18'),
	(12296665138462726,11253460114,'https://ss1.bdstatic.com/70cFuXSh_Q1YnxGkpoWK1HF6hhy/it/u=626233084,840413755&fm=23&gp=0.jpg',NULL,0,'2017-04-13 22:01:18','2017-04-13 22:01:18'),
	(12296921368494086,11253460114,'https://ss0.baidu.com/7Po3dSag_xI4khGko9WTAnF6hhy/image/h%3D200/sign=b1f06972037b020813c938e152dbf25f/37d3d539b6003af3e5719db73c2ac65c1138b61a.jpg',NULL,0,'2017-04-13 22:01:49','2017-04-13 22:01:49'),
	(12296921443991560,11253460114,'https://ss1.bdstatic.com/70cFuXSh_Q1YnxGkpoWK1HF6hhy/it/u=626233084,840413755&fm=23&gp=0.jpg',NULL,0,'2017-04-13 22:01:49','2017-04-13 22:01:49'),
	(12296927165022210,11253460114,'https://ss0.baidu.com/7Po3dSag_xI4khGko9WTAnF6hhy/image/h%3D200/sign=b1f06972037b020813c938e152dbf25f/37d3d539b6003af3e5719db73c2ac65c1138b61a.jpg',NULL,0,'2017-04-13 22:01:49','2017-04-13 22:01:49'),
	(12296927223742464,11253460114,'https://ss1.bdstatic.com/70cFuXSh_Q1YnxGkpoWK1HF6hhy/it/u=626233084,840413755&fm=23&gp=0.jpg',NULL,0,'2017-04-13 22:01:49','2017-04-13 22:01:49'),
	(12296931854254087,11253460114,'https://ss0.baidu.com/7Po3dSag_xI4khGko9WTAnF6hhy/image/h%3D200/sign=b1f06972037b020813c938e152dbf25f/37d3d539b6003af3e5719db73c2ac65c1138b61a.jpg',NULL,0,'2017-04-13 22:01:50','2017-04-13 22:01:50'),
	(12296931921362950,11253460114,'https://ss1.bdstatic.com/70cFuXSh_Q1YnxGkpoWK1HF6hhy/it/u=626233084,840413755&fm=23&gp=0.jpg',NULL,0,'2017-04-13 22:01:50','2017-04-13 22:01:50'),
	(12296935553630215,11253460114,'https://ss0.baidu.com/7Po3dSag_xI4khGko9WTAnF6hhy/image/h%3D200/sign=b1f06972037b020813c938e152dbf25f/37d3d539b6003af3e5719db73c2ac65c1138b61a.jpg',NULL,0,'2017-04-13 22:01:50','2017-04-13 22:01:50'),
	(12296935612350469,11253460114,'https://ss1.bdstatic.com/70cFuXSh_Q1YnxGkpoWK1HF6hhy/it/u=626233084,840413755&fm=23&gp=0.jpg',NULL,0,'2017-04-13 22:01:50','2017-04-13 22:01:50'),
	(12297185752252416,11253460114,'https://ss0.baidu.com/7Po3dSag_xI4khGko9WTAnF6hhy/image/h%3D200/sign=b1f06972037b020813c938e152dbf25f/37d3d539b6003af3e5719db73c2ac65c1138b61a.jpg',NULL,0,'2017-04-13 22:02:20','2017-04-13 22:02:20'),
	(12297185810972680,11253460114,'https://ss1.bdstatic.com/70cFuXSh_Q1YnxGkpoWK1HF6hhy/it/u=626233084,840413755&fm=23&gp=0.jpg',NULL,0,'2017-04-13 22:02:20','2017-04-13 22:02:20'),
	(13841371332870151,11253460114,'https://ss0.baidu.com/7Po3dSag_xI4khGko9WTAnF6hhy/image/h%3D200/sign=b1f06972037b020813c938e152dbf25f/37d3d539b6003af3e5719db73c2ac65c1138b61a.jpg',NULL,0,'2017-04-16 01:10:22','2017-04-16 01:10:22'),
	(13841371794243585,11253460114,'https://ss1.bdstatic.com/70cFuXSh_Q1YnxGkpoWK1HF6hhy/it/u=626233084,840413755&fm=23&gp=0.jpg',NULL,0,'2017-04-16 01:10:22','2017-04-16 01:10:22'),
	(13841935894577157,11253460114,'https://ss0.baidu.com/7Po3dSag_xI4khGko9WTAnF6hhy/image/h%3D200/sign=b1f06972037b020813c938e152dbf25f/37d3d539b6003af3e5719db73c2ac65c1138b61a.jpg',NULL,0,'2017-04-16 01:11:29','2017-04-16 01:11:29'),
	(13841936204955651,11253460114,'https://ss1.bdstatic.com/70cFuXSh_Q1YnxGkpoWK1HF6hhy/it/u=626233084,840413755&fm=23&gp=0.jpg',NULL,0,'2017-04-16 01:11:29','2017-04-16 01:11:29'),
	(14604230933348357,11253460114,'https://ss0.baidu.com/7Po3dSag_xI4khGko9WTAnF6hhy/image/h%3D200/sign=b1f06972037b020813c938e152dbf25f/37d3d539b6003af3e5719db73c2ac65c1138b61a.jpg',NULL,0,'2017-04-17 02:26:01','2017-04-17 02:26:01'),
	(14604231025623044,11253460114,'https://ss1.bdstatic.com/70cFuXSh_Q1YnxGkpoWK1HF6hhy/it/u=626233084,840413755&fm=23&gp=0.jpg',NULL,0,'2017-04-17 02:26:02','2017-04-17 02:26:02');

/*!40000 ALTER TABLE `image` ENABLE KEYS */;
UNLOCK TABLES;


# Dump of table like_info
# ------------------------------------------------------------

DROP TABLE IF EXISTS `like_info`;

CREATE TABLE `like_info` (
  `id` int(11) unsigned NOT NULL AUTO_INCREMENT,
  `user_id` bigint(20) NOT NULL,
  `res_id` bigint(20) NOT NULL,
  `res_type` int(2) NOT NULL DEFAULT '0',
  `is_del` int(1) NOT NULL DEFAULT '0',
  `create_ts` timestamp NOT NULL DEFAULT CURRENT_TIMESTAMP,
  `update_ts` timestamp NOT NULL DEFAULT CURRENT_TIMESTAMP ON UPDATE CURRENT_TIMESTAMP,
  PRIMARY KEY (`id`)
) ENGINE=InnoDB DEFAULT CHARSET=utf8mb4;

LOCK TABLES `like_info` WRITE;
/*!40000 ALTER TABLE `like_info` DISABLE KEYS */;

INSERT INTO `like_info` (`id`, `user_id`, `res_id`, `res_type`, `is_del`, `create_ts`, `update_ts`)
VALUES
	(1,11253460114,11253460112,1,1,'2017-03-16 13:14:47','2017-03-16 13:14:47'),
	(2,11253460114,11253460112,1,1,'2017-03-16 13:16:37','2017-03-16 13:16:37'),
	(3,11253460114,11253460112,1,1,'2017-03-20 01:14:27','2017-03-20 01:14:27'),
	(4,11253460114,11253460112,1,1,'2017-03-28 21:35:15','2017-03-28 21:35:15'),
	(5,11253460114,11253460112,1,1,'2017-04-06 21:47:39','2017-04-06 21:47:42'),
	(6,11253460114,11253460112,1,1,'2017-04-15 14:52:31','2017-04-15 14:52:44'),
	(7,13465401321062403,8727736998690816,7,0,'2017-04-15 14:53:48','2017-04-15 14:53:48'),
	(8,13532582922682370,8727736998690816,7,0,'2017-04-15 14:57:25','2017-04-15 14:57:25'),
	(9,4273788854206473,8727736998690816,7,0,'2017-04-15 15:57:16','2017-04-15 15:57:16');

/*!40000 ALTER TABLE `like_info` ENABLE KEYS */;
UNLOCK TABLES;


# Dump of table location
# ------------------------------------------------------------

DROP TABLE IF EXISTS `location`;

CREATE TABLE `location` (
  `id` bigint(20) unsigned NOT NULL AUTO_INCREMENT,
  `user_id` bigint(20) NOT NULL,
  `lat` double NOT NULL,
  `lng` double NOT NULL,
  `create_ts` timestamp NOT NULL DEFAULT CURRENT_TIMESTAMP,
  PRIMARY KEY (`id`)
) ENGINE=InnoDB DEFAULT CHARSET=utf8mb4;

LOCK TABLES `location` WRITE;
/*!40000 ALTER TABLE `location` DISABLE KEYS */;

INSERT INTO `location` (`id`, `user_id`, `lat`, `lng`, `create_ts`)
VALUES
	(9,56942160553,39.891132,116.811,'2017-03-30 00:33:25'),
	(10,56942160553,39.891132,116.811626,'2017-03-30 00:14:11'),
	(11,56942160553,39.891132,116.811626,'2017-03-30 00:17:47'),
	(12,56942160553,39.891132,116.8126,'2017-03-30 00:31:00'),
	(13,1,160.222,11.22,'2017-03-30 00:32:18'),
	(14,56942160553,39.891132,116.811626,'2017-03-30 21:17:01'),
	(15,56942160553,39.891132,116.811626,'2017-03-30 21:46:18'),
	(16,56942160553,39.891132,116.811626,'2017-03-30 21:47:33'),
	(17,56942160553,39.891132,116.811626,'2017-03-30 21:48:39'),
	(18,56942160553,39.891132,116.811626,'2017-03-31 21:32:50'),
	(19,56942160553,39.891132,116.811626,'2017-03-31 23:53:52'),
	(20,56942160553,39.915209,116.40349,'2017-04-01 20:45:02'),
	(21,3561712099786760,39.915209,116.40349,'2017-04-01 20:47:06'),
	(22,3562332621897735,39.915209,116.40349,'2017-04-01 20:47:57'),
	(23,3565472838582281,39.914759,116.403993,'2017-04-01 20:54:10'),
	(24,3565472838582281,39.914752,116.404145,'2017-04-01 20:58:59'),
	(25,3565472838582281,39.914752,116.404145,'2017-04-05 11:45:27'),
	(26,3565472838582281,39.7868439698935,116.575130606546,'2017-04-05 11:46:48'),
	(27,3565472838582281,39.914752,116.404145,'2017-04-06 21:49:32'),
	(28,3565472838582281,39.914752,116.404145,'2017-04-16 00:58:07');

/*!40000 ALTER TABLE `location` ENABLE KEYS */;
UNLOCK TABLES;


# Dump of table type_des
# ------------------------------------------------------------

DROP TABLE IF EXISTS `type_des`;

CREATE TABLE `type_des` (
  `id` int(11) unsigned NOT NULL AUTO_INCREMENT,
  `name` varchar(32) NOT NULL DEFAULT '',
  `type` int(2) NOT NULL DEFAULT '0',
  `remark` varchar(32) NOT NULL DEFAULT '',
  `create_ts` timestamp NOT NULL DEFAULT CURRENT_TIMESTAMP,
  PRIMARY KEY (`id`)
) ENGINE=InnoDB DEFAULT CHARSET=utf8mb4;

LOCK TABLES `type_des` WRITE;
/*!40000 ALTER TABLE `type_des` DISABLE KEYS */;

INSERT INTO `type_des` (`id`, `name`, `type`, `remark`, `create_ts`)
VALUES
	(1,'user',1,'res_type','2017-03-14 13:47:18'),
	(2,'resource',2,'res_type','2017-03-14 13:47:23'),
	(3,'comment',3,'res_type','2017-03-14 13:47:25'),
	(4,'单图',4,'res_type','2017-03-14 13:46:39'),
	(5,'多图',5,'res_type','2017-04-15 16:55:06'),
	(6,'article',6,'res_type','2017-03-26 23:52:28'),
	(7,'点播',7,'res_type','2017-04-03 15:39:11'),
	(8,'直播',8,'res_type','2017-04-03 15:39:18'),
	(9,'内部链接广告',9,'res_type','2017-04-04 01:46:53'),
	(10,'外部链接广告',10,'res_type','2017-04-04 01:47:08'),
	(21,'upload_image',21,'action','2017-03-14 13:37:57'),
	(22,'upload_video',22,'action','2017-03-14 13:38:17'),
	(23,'view_play',23,'action','2017-03-14 13:39:54'),
	(24,'view_user',24,'action','2017-03-14 13:44:21'),
	(25,'view_image',25,'action','2017-04-08 21:36:59'),
	(26,'view_live',26,'action','2017-04-08 21:48:55'),
	(51,'匿名用户',51,'user_status','2017-03-22 23:02:05'),
	(52,'正常用户',52,'user_status','2017-03-22 23:02:18'),
	(71,'正常',71,'video_status','2017-03-31 22:56:32'),
	(72,'转码中',72,'video_status','2017-03-31 22:56:51'),
	(73,'转码失败',73,'video_status','2017-03-31 22:57:07'),
	(81,'首页轮播图',81,'home_page','2017-04-04 23:11:41'),
	(82,'首页列表',82,'home_page','2017-04-02 23:25:19'),
	(83,'首页',83,'home_page','2017-04-12 23:09:22'),
	(91,'未关注',91,'attention_status','2017-04-07 23:08:11'),
	(92,'已关注',92,'attention_status','2017-04-07 23:08:24'),
	(93,'互相关注',93,'attention_status','2017-04-07 23:08:44'),
	(94,'关注列表',94,'attention_status','2017-04-15 11:13:36'),
	(95,'被关注列表',95,'attention_status','2017-04-15 11:13:57');

/*!40000 ALTER TABLE `type_des` ENABLE KEYS */;
UNLOCK TABLES;


# Dump of table user
# ------------------------------------------------------------

DROP TABLE IF EXISTS `user`;

CREATE TABLE `user` (
  `id` bigint(20) unsigned NOT NULL,
  `name` varchar(32) NOT NULL DEFAULT '',
  `mobile` varchar(11) NOT NULL DEFAULT '',
  `portrait` varchar(512) NOT NULL DEFAULT '',
  `gender` float NOT NULL DEFAULT '0' COMMENT '1:man 0:woman',
  `age` int(4) NOT NULL DEFAULT '0',
  `status` int(2) NOT NULL DEFAULT '1',
  `is_del` int(1) NOT NULL DEFAULT '0',
  `ext` json DEFAULT NULL,
  `create_ts` timestamp NOT NULL DEFAULT CURRENT_TIMESTAMP,
  `update_ts` timestamp NOT NULL DEFAULT CURRENT_TIMESTAMP ON UPDATE CURRENT_TIMESTAMP,
  PRIMARY KEY (`id`)
) ENGINE=InnoDB DEFAULT CHARSET=utf8mb4;

LOCK TABLES `user` WRITE;
/*!40000 ALTER TABLE `user` DISABLE KEYS */;

INSERT INTO `user` (`id`, `name`, `mobile`, `portrait`, `gender`, `age`, `status`, `is_del`, `ext`, `create_ts`, `update_ts`)
VALUES
	(11253460112,'18311233542','18311233542','',0.1,0,51,0,'{"lat": 0, "lng": 0, "sign": "", "location": ""}','2017-03-30 21:48:33','2017-03-30 21:48:33'),
	(11253460114,'18311233541','18311233541','',0.9,18,1,0,'{"lat": 0, "lng": 0, "sign": "", "location": ""}','2017-03-30 21:48:33','2017-03-30 21:48:33'),
	(39838107937,'18311233543','18311233543','',1,18,1,0,'{"lat": 0, "lng": 0, "sign": "", "location": ""}','2017-03-30 21:48:33','2017-03-30 21:48:33'),
	(56430987666,'22','','',0,18,51,0,'{"lat": 0, "lng": 0, "sign": "", "location": ""}','2017-03-30 21:48:33','2017-03-30 21:48:33'),
	(56431164039,'匿名用户861631','','www',0,18,51,0,'{"lat": 0, "lng": 0, "sign": "", "location": ""}','2017-03-30 21:48:33','2017-03-30 21:48:33'),
	(56437628964,'匿名用户866652','','',0,18,51,0,'{"lat": 0, "lng": 0, "sign": "", "location": ""}','2017-03-30 21:48:33','2017-03-30 21:48:33'),
	(56440557155,'匿名用户727323','','',0,18,51,0,'{"lat": 0, "lng": 0, "sign": "", "location": ""}','2017-03-30 21:48:33','2017-03-30 21:48:33'),
	(56539424826,'匿名26449','18311233549','',0,18,51,0,'{"lat": 0, "lng": 0, "sign": "", "location": ""}','2017-03-30 21:48:33','2017-03-30 21:48:33'),
	(56559947676,'','18311233529','',0,18,52,0,'{"lat": 0, "lng": 0, "sign": "", "location": ""}','2017-03-30 21:48:33','2017-03-30 21:48:33'),
	(56572253390,'匿名83411','18311433529','',0,18,51,0,'{"lat": 0, "lng": 0, "sign": "", "location": ""}','2017-03-30 21:48:33','2017-03-30 21:48:33'),
	(56934926470,'匿名55777','18311333529','',0,18,51,0,'{"lat": 0, "lng": 0, "sign": "", "location": ""}','2017-03-30 21:48:33','2017-03-30 21:48:33'),
	(56938828179,'匿名27434','18311733529','',0,18,51,0,'{"lat": 0, "lng": 0, "sign": "", "location": ""}','2017-03-30 21:48:33','2017-03-30 21:48:33'),
	(56942160553,'update_name','11011233541','',0.4,26,52,0,'{"lat": 39.915209, "lng": 116.40349, "sign": "我就是我，不一样的烟火", "location": "亦庄"}','2017-03-30 21:48:41','2017-04-15 17:57:16'),
	(67279935558,'匿名44413','','',0,18,51,0,'{"lat": 0, "lng": 0, "sign": "", "location": ""}','2017-03-30 21:48:33','2017-03-30 21:48:33'),
	(67314007999,'匿名72692','','',0,18,51,0,'{"lat": 0, "lng": 0, "sign": "", "location": ""}','2017-03-30 21:48:33','2017-03-30 21:48:33'),
	(71749030876,'匿名79889','','',0,18,51,0,'{"lat": 0, "lng": 0, "sign": "", "location": ""}','2017-03-30 21:48:33','2017-03-30 21:48:33'),
	(71749807366,'匿名83026','','',0,18,51,0,'{"lat": 0, "lng": 0, "sign": "", "location": ""}','2017-03-30 21:48:33','2017-03-30 21:48:33'),
	(72345715540,'第三方用户','','',0,18,52,0,'{"lat": 0, "lng": 0, "sign": "", "location": ""}','2017-03-30 21:48:33','2017-03-30 21:48:33'),
	(72349311889,'第三方用户','','',0,18,52,0,'{"lat": 0, "lng": 0, "sign": "", "location": ""}','2017-03-30 21:48:33','2017-03-30 21:48:33'),
	(72460874160,'第三方用户','','',0,18,52,0,'{"lat": 0, "lng": 0, "sign": "", "location": ""}','2017-03-30 21:48:33','2017-03-30 21:48:33'),
	(78905047936,'第三方用户','','',0,18,52,0,'{"lat": 0, "lng": 0, "sign": "", "location": ""}','2017-03-30 21:48:33','2017-03-30 21:48:33'),
	(78908959748,'第三方用户','','',0,18,52,0,'{"lat": 0, "lng": 0, "sign": "", "location": ""}','2017-03-30 21:48:33','2017-03-30 21:48:33'),
	(78915345980,'第三方用户','','',0,18,52,0,'{"lat": 0, "lng": 0, "sign": "", "location": ""}','2017-03-30 21:48:33','2017-03-30 21:48:33'),
	(78917269367,'第三方用户11','','',0,18,52,0,'{"lat": 0, "lng": 0, "sign": "", "location": ""}','2017-03-30 21:48:33','2017-03-30 21:48:33'),
	(78942423030,'第三方用户11','','',0,18,52,0,'{"lat": 0, "lng": 0, "sign": "", "location": ""}','2017-03-30 21:48:33','2017-03-30 21:48:33'),
	(78944941592,'第三方用户aefaf','','',0,18,52,0,'{"lat": 0, "lng": 0, "sign": "", "location": ""}','2017-03-30 21:48:33','2017-03-30 21:48:33'),
	(78946364289,'第三方用户aefaf','','',0,18,52,0,'{"lat": 0, "lng": 0, "sign": "", "location": ""}','2017-03-30 21:48:33','2017-03-30 21:48:33'),
	(78956151823,'第三方用户aefaf','','',0,18,52,0,'{"lat": 0, "lng": 0, "sign": "", "location": ""}','2017-03-30 21:48:33','2017-03-30 21:48:33'),
	(79154156102,'第三方用户是多少','','',0,18,52,0,'{"lat": 0, "lng": 0, "sign": "", "location": ""}','2017-03-30 21:48:33','2017-03-30 21:48:33'),
	(79159440308,'第三方用户是多少','','',0,18,52,0,'{"lat": 0, "lng": 0, "sign": "", "location": ""}','2017-03-30 21:48:33','2017-03-30 21:48:33'),
	(685792745750536,'匿名90856','','',0,18,51,0,'{"lat": 0, "lng": 0, "sign": "", "location": ""}','2017-03-30 21:48:33','2017-03-30 21:48:33'),
	(2140864776241157,'匿名41876','','',0,18,51,0,'{"lat": 0, "lng": 0, "sign": "", "location": ""}','2017-03-30 21:48:33','2017-03-30 21:48:33'),
	(2144275064160262,'匿名60485','','',0,18,51,0,'{"lat": 0, "lng": 0, "sign": "", "location": ""}','2017-03-30 21:50:16','2017-03-30 21:50:16'),
	(2925451903238148,'匿名92307','','',0,18,51,0,'{"lat": 0, "lng": 0, "sign": "", "location": ""}','2017-03-31 23:42:23','2017-03-31 23:42:23'),
	(3561712099786760,'匿名61557','','',0,18,51,0,'{"lat": 39.915209, "lng": 116.40349, "sign": "", "location": ""}','2017-04-01 20:46:32','2017-04-01 20:47:07'),
	(3562332621897735,'匿名48116','','',0,18,51,0,'{"lat": 39.915209, "lng": 116.40349, "sign": "", "location": ""}','2017-04-01 20:47:46','2017-04-01 20:47:57'),
	(3565472838582281,'第三方用户是多少','','',0,18,52,0,'{"lat": 39.914752, "lng": 116.404145, "sign": "", "location": ""}','2017-04-01 20:54:00','2017-04-06 21:49:34'),
	(4258887414841345,'匿名58762','','',0,18,51,0,'{"lat": 0, "lng": 0, "sign": "", "location": ""}','2017-04-02 19:51:40','2017-04-02 19:51:40'),
	(4260041444032515,'匿名40740','','',0,18,51,0,'{"lat": 0, "lng": 0, "sign": "", "location": ""}','2017-04-02 19:53:58','2017-04-02 19:53:58'),
	(4270673987895296,'匿名51554','','',0,18,51,0,'{"lat": 0, "lng": 0, "sign": "", "location": ""}','2017-04-02 20:15:06','2017-04-02 20:15:06'),
	(4273788854206473,'匿名40081','13260389574','',0,18,52,0,'{"lat": 0, "lng": 0, "sign": "", "location": ""}','2017-04-02 20:21:17','2017-04-02 21:15:17'),
	(4282726219776003,'匿名30234','','',0,18,51,0,'{"lat": 0, "lng": 0, "sign": "", "location": ""}','2017-04-02 20:39:02','2017-04-02 20:39:02'),
	(4329145068683268,'匿名11527','','',0,18,51,0,'{"lat": 0, "lng": 0, "sign": "", "location": ""}','2017-04-02 22:11:16','2017-04-02 22:11:16'),
	(6187027737346057,'匿名39319','','',0,18,51,0,'{"lat": 0, "lng": 0, "sign": "", "location": ""}','2017-04-05 11:42:33','2017-04-05 11:42:33'),
	(6439704874450952,'匿名42612','','',0,18,51,0,'{"lat": 0, "lng": 0, "sign": "", "location": ""}','2017-04-05 20:04:34','2017-04-05 20:04:34'),
	(6837461644738566,'匿名16769','','',0,18,51,0,'{"lat": 0, "lng": 0, "sign": "", "location": ""}','2017-04-06 09:14:50','2017-04-06 09:14:50'),
	(6969063335002116,'匿名33415','','',0,18,51,0,'{"lat": 0, "lng": 0, "sign": "", "location": ""}','2017-04-06 13:36:19','2017-04-06 13:36:19'),
	(7218800432775174,'匿名66115','','',0,18,51,0,'{"lat": 0, "lng": 0, "sign": "", "location": ""}','2017-04-06 21:52:30','2017-04-06 21:52:30'),
	(7233019987361801,'匿名79631','','',0,18,51,0,'{"lat": 0, "lng": 0, "sign": "", "location": ""}','2017-04-06 22:20:45','2017-04-06 22:20:45'),
	(7238623460065283,'匿名36212','','',0,18,51,0,'{"lat": 0, "lng": 0, "sign": "", "location": ""}','2017-04-06 22:31:53','2017-04-06 22:31:53'),
	(7620954704314377,'匿名66531','','',0,18,51,0,'{"lat": 0, "lng": 0, "sign": "", "location": ""}','2017-04-07 11:11:30','2017-04-07 11:11:30'),
	(7898845304324099,'匿名53246','','',0,18,51,0,'{"lat": 0, "lng": 0, "sign": "", "location": ""}','2017-04-07 20:23:37','2017-04-07 20:23:37'),
	(7995808234340360,'匿名88971','','',0,18,51,0,'{"lat": 0, "lng": 0, "sign": "", "location": ""}','2017-04-07 23:36:16','2017-04-07 23:36:16'),
	(9083677430513667,'匿名55688','','',0,18,51,0,'{"lat": 0, "lng": 0, "sign": "", "location": ""}','2017-04-09 11:37:40','2017-04-09 11:37:40'),
	(9107963113373699,'匿名58387','','',0,18,51,0,'{"lat": 0, "lng": 0, "sign": "", "location": ""}','2017-04-09 12:25:55','2017-04-09 12:25:55'),
	(9109429878259714,'匿名82862','','',0,18,51,0,'{"lat": 0, "lng": 0, "sign": "", "location": ""}','2017-04-09 12:28:50','2017-04-09 12:28:50'),
	(9163344267182084,'匿名91287','','',0,18,51,0,'{"lat": 0, "lng": 0, "sign": "", "location": ""}','2017-04-09 14:15:57','2017-04-09 14:15:57'),
	(10077039537160199,'匿名54617','','',0,18,51,0,'{"lat": 0, "lng": 0, "sign": "", "location": ""}','2017-04-10 20:31:18','2017-04-10 20:31:18'),
	(10077824710868992,'匿名44288','15811335255','',0,18,52,0,'{"lat": 0, "lng": 0, "sign": "", "location": ""}','2017-04-10 20:32:52','2017-04-10 22:34:42'),
	(10080452165500931,'匿名90975','','',0,18,51,0,'{"lat": 0, "lng": 0, "sign": "", "location": ""}','2017-04-10 20:38:05','2017-04-10 20:38:05'),
	(10080887173545989,'匿名41372','','',0,18,51,0,'{"lat": 0, "lng": 0, "sign": "", "location": ""}','2017-04-10 20:38:57','2017-04-10 20:38:57'),
	(10846324735868931,'匿名43442','','',0,18,51,0,'{"lat": 0, "lng": 0, "sign": "", "location": ""}','2017-04-11 21:59:44','2017-04-11 21:59:44'),
	(10857581148897280,'匿名73929','','',0,18,51,0,'{"lat": 0, "lng": 0, "sign": "", "location": ""}','2017-04-11 22:22:06','2017-04-11 22:22:06'),
	(12352011664097283,'匿名45374','','',0,18,51,0,'{"lat": 0, "lng": 0, "sign": "", "location": ""}','2017-04-13 23:51:16','2017-04-13 23:51:16'),
	(13018112395837444,'匿名39190','','',0,18,51,0,'{"lat": 0, "lng": 0, "sign": "", "location": ""}','2017-04-14 21:54:41','2017-04-14 21:54:41'),
	(13037178409975812,'匿名89718','','',0,18,51,0,'{"lat": 0, "lng": 0, "sign": "", "location": ""}','2017-04-14 22:32:34','2017-04-14 22:32:34'),
	(13083421022617605,'匿名42531','','',0,18,51,0,'{"lat": 0, "lng": 0, "sign": "", "location": ""}','2017-04-15 00:04:16','2017-04-15 00:04:16'),
	(13465401321062403,'匿名36486','','',0,18,51,0,'{"lat": 0, "lng": 0, "sign": "", "location": ""}','2017-04-15 12:43:11','2017-04-15 12:43:11'),
	(13532582922682370,'匿名52451','','',0,18,51,0,'{"lat": 0, "lng": 0, "sign": "", "location": ""}','2017-04-15 14:56:51','2017-04-15 14:56:51'),
	(13621125980356610,'匿名40245','','',0,18,51,0,'{"lat": 0, "lng": 0, "sign": "", "location": ""}','2017-04-15 17:52:46','2017-04-15 17:52:46'),
	(13624286304534534,'','11011233501','',0,18,52,0,'{"lat": 0, "lng": 0, "sign": "", "location": ""}','2017-04-15 17:59:03','2017-04-15 17:59:03'),
	(13625989015797765,'匿名79833','','',0,18,51,0,'{"lat": 0, "lng": 0, "sign": "", "location": ""}','2017-04-15 18:02:26','2017-04-15 18:02:26'),
	(13628035475439616,'匿名45024','11000000001','',0,18,52,0,'{"lat": 0, "lng": 0, "sign": "", "location": ""}','2017-04-15 18:06:30','2017-04-15 18:06:56'),
	(13628433112236032,'匿名86061','11000000002','',0,18,52,0,'{"lat": 0, "lng": 0, "sign": "", "location": ""}','2017-04-15 18:07:17','2017-04-15 18:07:29'),
	(13632358452297729,'匿名12480','11000000004','',0,18,52,0,'{"lat": 0, "lng": 0, "sign": "", "location": ""}','2017-04-15 18:15:05','2017-04-15 18:15:50'),
	(13683848348958722,'匿名45406','','',0,18,51,0,'{"lat": 0, "lng": 0, "sign": "", "location": ""}','2017-04-15 19:57:23','2017-04-15 19:57:23'),
	(13684067048357895,'匿名34813','','',0,18,51,0,'{"lat": 0, "lng": 0, "sign": "", "location": ""}','2017-04-15 19:57:49','2017-04-15 19:57:49'),
	(13693692883763205,'匿名81144','11000000005','',0,18,52,0,'{"lat": 0, "lng": 0, "sign": "", "location": ""}','2017-04-15 20:16:57','2017-04-15 20:17:22'),
	(13694389264056326,'','11000000006','',0,18,52,0,'{"lat": 0, "lng": 0, "sign": "", "location": ""}','2017-04-15 20:18:20','2017-04-15 20:18:20'),
	(13694455425007620,'','11000000007','',0,18,52,0,'{"lat": 0, "lng": 0, "sign": "", "location": ""}','2017-04-15 20:18:28','2017-04-15 20:18:28'),
	(13697297636392969,'','11000000008','',0,18,52,0,'{"lat": 0, "lng": 0, "sign": "", "location": ""}','2017-04-15 20:24:07','2017-04-15 20:24:07'),
	(13714189415612420,'匿名22067','','',0,18,51,0,'{"lat": 0, "lng": 0, "sign": "", "location": ""}','2017-04-15 20:57:40','2017-04-15 20:57:40'),
	(13714771836665864,'匿名76869','','',0,18,51,0,'{"lat": 0, "lng": 0, "sign": "", "location": ""}','2017-04-15 20:58:50','2017-04-15 20:58:50'),
	(13718612107853831,'匿名78915','','',0,18,51,0,'{"lat": 0, "lng": 0, "sign": "", "location": ""}','2017-04-15 21:06:40','2017-04-15 21:06:40'),
	(13719000995332103,'匿名21313','','',0,18,51,0,'{"lat": 0, "lng": 0, "sign": "", "location": ""}','2017-04-15 21:07:14','2017-04-15 21:07:14'),
	(13719150488715267,'匿名32776','','',0,18,51,0,'{"lat": 0, "lng": 0, "sign": "", "location": ""}','2017-04-15 21:07:32','2017-04-15 21:07:32'),
	(13719882143105025,'匿名92966','','',0,18,51,0,'{"lat": 0, "lng": 0, "sign": "", "location": ""}','2017-04-15 21:08:59','2017-04-15 21:08:59'),
	(13729246648205321,'第三方用户是多少','','https://ss1.bdstatic.com/70cFvXSh_Q1YnxGkpoWK1HF6hhy/it/u=1474139545,1219393896&fm=206&gp=0.jpg',0,18,52,0,'{"lat": 0, "lng": 0, "sign": "", "location": ""}','2017-04-15 21:27:35','2017-04-15 21:27:35'),
	(13730859903352836,'第三方用户是多少','','https://ss1.bdstatic.com/70cFvXSh_Q1YnxGkpoWK1HF6hhy/it/u=1474139545,1219393896&fm=206&gp=0.jpg',0,18,52,0,'{"lat": 0, "lng": 0, "sign": "", "location": ""}','2017-04-15 21:30:48','2017-04-15 21:30:48'),
	(13732357353766917,'匿名56549','','',0,18,51,0,'{"lat": 0, "lng": 0, "sign": "", "location": ""}','2017-04-15 21:33:46','2017-04-15 21:33:46'),
	(13732742290210824,'第三方用户是多少','','https://ss1.bdstatic.com/70cFvXSh_Q1YnxGkpoWK1HF6hhy/it/u=1474139545,1219393896&fm=206&gp=0.jpg',0,18,52,0,'{"lat": 0, "lng": 0, "sign": "", "location": ""}','2017-04-15 21:34:32','2017-04-15 21:34:32'),
	(13745826228600837,'匿名37458','','',0,18,51,0,'{"lat": 0, "lng": 0, "sign": "", "location": ""}','2017-04-15 22:00:32','2017-04-15 22:00:32'),
	(13748645228707841,'第三方用户是多少','','https://ss1.bdstatic.com/70cFvXSh_Q1YnxGkpoWK1HF6hhy/it/u=1474139545,1219393896&fm=206&gp=0.jpg',0,18,52,0,'{"lat": 0, "lng": 0, "sign": "", "location": ""}','2017-04-15 22:06:08','2017-04-15 22:16:47'),
	(13748893959323654,'匿名28076','','',0,18,51,0,'{"lat": 0, "lng": 0, "sign": "", "location": ""}','2017-04-15 22:06:37','2017-04-15 22:06:37'),
	(13754963729580036,'第三方用户是多少','','https://ss1.bdstatic.com/70cFvXSh_Q1YnxGkpoWK1HF6hhy/it/u=1474139545,1219393896&fm=206&gp=0.jpg',0,18,52,0,'{"lat": 0, "lng": 0, "sign": "", "location": ""}','2017-04-15 22:18:41','2017-04-15 22:19:02'),
	(13755589502959622,'第三方用户是多少','','https://ss1.bdstatic.com/70cFvXSh_Q1YnxGkpoWK1HF6hhy/it/u=1474139545,1219393896&fm=206&gp=0.jpg',0,18,52,0,'{"lat": 0, "lng": 0, "sign": "", "location": ""}','2017-04-15 22:19:56','2017-04-15 22:19:56'),
	(13756061555097600,'第三方用户是多少','','https://ss1.bdstatic.com/70cFvXSh_Q1YnxGkpoWK1HF6hhy/it/u=1474139545,1219393896&fm=206&gp=0.jpg',0,18,52,0,'{"lat": 0, "lng": 0, "sign": "", "location": ""}','2017-04-15 22:20:52','2017-04-15 22:20:52'),
	(13763710950572040,'第三方用户是多少','','https://ss1.bdstatic.com/70cFvXSh_Q1YnxGkpoWK1HF6hhy/it/u=1474139545,1219393896&fm=206&gp=0.jpg',0,18,52,0,'{"lat": 0, "lng": 0, "sign": "", "location": ""}','2017-04-15 22:36:04','2017-04-15 22:36:04'),
	(13766342524010502,'匿名94200','','',0,18,51,0,'{"lat": 0, "lng": 0, "sign": "", "location": ""}','2017-04-15 22:41:17','2017-04-15 22:41:17'),
	(13766665888071684,'第三方用户是多少','','https://ss1.bdstatic.com/70cFvXSh_Q1YnxGkpoWK1HF6hhy/it/u=1474139545,1219393896&fm=206&gp=0.jpg',0,18,52,0,'{"lat": 0, "lng": 0, "sign": "", "location": ""}','2017-04-15 22:41:56','2017-04-15 22:41:56'),
	(13770438966509568,'匿名17953','','',0,18,51,0,'{"lat": 0, "lng": 0, "sign": "", "location": ""}','2017-04-15 22:49:26','2017-04-15 22:49:26'),
	(13771764542734344,'匿名16496','','',0,18,51,0,'{"lat": 0, "lng": 0, "sign": "", "location": ""}','2017-04-15 22:52:04','2017-04-15 22:52:04'),
	(13773817008619522,'匿名11719','','',0,18,52,0,'{"lat": 0, "lng": 0, "sign": "", "location": ""}','2017-04-15 22:56:08','2017-04-15 22:57:05'),
	(13776724567261188,'第三方用户是多少','','https://ss1.bdstatic.com/70cFvXSh_Q1YnxGkpoWK1HF6hhy/it/u=1474139545,1219393896&fm=206&gp=0.jpg',0,18,52,0,'{"lat": 0, "lng": 0, "sign": "", "location": ""}','2017-04-15 23:01:55','2017-04-15 23:02:06'),
	(13782928907567107,'第三方用户是多少','','https://ss1.bdstatic.com/70cFvXSh_Q1YnxGkpoWK1HF6hhy/it/u=1474139545,1219393896&fm=206&gp=0.jpg',0,18,52,0,'{"lat": 0, "lng": 0, "sign": "", "location": ""}','2017-04-15 23:14:15','2017-04-15 23:14:30'),
	(13784248318165001,'update_name','18311233557','',0.4,26,51,0,'{"lat": 0, "lng": 0, "sign": "我就是我，不一样的烟火", "location": "亦庄"}','2017-04-15 23:16:52','2017-04-15 23:24:09'),
	(13807594426597384,'匿名29574','','',0,18,51,0,'{"lat": 0, "lng": 0, "sign": "", "location": ""}','2017-04-16 00:03:15','2017-04-16 00:03:15'),
	(14277503124242432,'匿名32461','','',0,18,51,0,'{"lat": 0, "lng": 0, "sign": "", "location": ""}','2017-04-16 15:36:53','2017-04-16 15:36:53'),
	(14304295088291847,'匿名65169','','',0,18,51,0,'{"lat": 0, "lng": 0, "sign": "", "location": ""}','2017-04-16 16:30:06','2017-04-16 16:30:06'),
	(14478393097584642,'匿名99063','','',0,18,51,0,'{"lat": 0, "lng": 0, "sign": "", "location": ""}','2017-04-16 22:16:00','2017-04-16 22:16:00'),
	(14524642211397640,'匿名69209','','',0,18,51,0,'{"lat": 0, "lng": 0, "sign": "", "location": ""}','2017-04-16 23:47:54','2017-04-16 23:47:54'),
	(14525402395443205,'匿名69597','','',0,18,51,0,'{"lat": 0, "lng": 0, "sign": "", "location": ""}','2017-04-16 23:49:24','2017-04-16 23:49:24'),
	(14887530247749634,'匿名77724','','',0,18,51,0,'{"lat": 0, "lng": 0, "sign": "", "location": ""}','2017-04-17 11:48:53','2017-04-17 11:48:53'),
	(14977365553709060,'匿名65473','','',0,18,51,0,'{"lat": 0, "lng": 0, "sign": "", "location": ""}','2017-04-17 14:47:23','2017-04-17 14:47:23'),
	(15135122017746949,'匿名82091','','',0,18,51,0,'{"lat": 0, "lng": 0, "sign": "", "location": ""}','2017-04-17 20:00:49','2017-04-17 20:00:49');

/*!40000 ALTER TABLE `user` ENABLE KEYS */;
UNLOCK TABLES;


# Dump of table user_attention
# ------------------------------------------------------------

DROP TABLE IF EXISTS `user_attention`;

CREATE TABLE `user_attention` (
  `id` bigint(20) unsigned NOT NULL AUTO_INCREMENT,
  `user_id` bigint(20) NOT NULL,
  `to_user_id` bigint(20) NOT NULL,
  `is_del` int(1) NOT NULL DEFAULT '0',
  `create_ts` timestamp NOT NULL DEFAULT CURRENT_TIMESTAMP,
  `update_ts` timestamp NOT NULL DEFAULT CURRENT_TIMESTAMP ON UPDATE CURRENT_TIMESTAMP,
  PRIMARY KEY (`id`)
) ENGINE=InnoDB DEFAULT CHARSET=utf8mb4;

LOCK TABLES `user_attention` WRITE;
/*!40000 ALTER TABLE `user_attention` DISABLE KEYS */;

INSERT INTO `user_attention` (`id`, `user_id`, `to_user_id`, `is_del`, `create_ts`, `update_ts`)
VALUES
	(1,56942160553,11253460114,0,'2017-03-19 23:26:14','2017-04-15 11:45:10'),
	(2,56942160553,3561712099786760,0,'2017-03-19 23:26:37','2017-04-15 11:45:47'),
	(3,56942160553,3565472838582281,0,'2017-03-28 21:31:58','2017-04-15 12:13:10'),
	(4,56942160553,56942160553,1,'2017-03-28 21:31:58','2017-04-15 00:21:11'),
	(5,13465401321062403,11253460114,0,'2017-04-04 12:26:37','2017-04-15 12:43:47'),
	(6,3565472838582281,56942160553,0,'2017-04-05 09:47:48','2017-04-15 13:10:03'),
	(7,56942160553,11253460114,1,'2017-04-06 21:52:27','2017-04-15 00:22:11'),
	(8,11253460114,56942160553,0,'2017-04-07 23:16:30','2017-04-07 23:20:00');

/*!40000 ALTER TABLE `user_attention` ENABLE KEYS */;
UNLOCK TABLES;


# Dump of table user_open
# ------------------------------------------------------------

DROP TABLE IF EXISTS `user_open`;

CREATE TABLE `user_open` (
  `id` varchar(32) NOT NULL DEFAULT '',
  `user_id` bigint(20) NOT NULL DEFAULT '0',
  `name` varchar(64) NOT NULL DEFAULT '',
  `portrait` varchar(512) NOT NULL DEFAULT '',
  `gender` int(1) DEFAULT NULL,
  `location` varchar(512) DEFAULT '',
  `source` varchar(3) NOT NULL DEFAULT '' COMMENT 'QQ/WB/WX',
  `create_ts` timestamp NOT NULL DEFAULT CURRENT_TIMESTAMP,
  `update_ts` timestamp NOT NULL DEFAULT CURRENT_TIMESTAMP ON UPDATE CURRENT_TIMESTAMP,
  PRIMARY KEY (`id`)
) ENGINE=InnoDB DEFAULT CHARSET=utf8mb4;

LOCK TABLES `user_open` WRITE;
/*!40000 ALTER TABLE `user_open` DISABLE KEYS */;

INSERT INTO `user_open` (`id`, `user_id`, `name`, `portrait`, `gender`, `location`, `source`, `create_ts`, `update_ts`)
VALUES
	('111111aa111',13763710950572040,'第三方用户','https://ss1.bdstatic.com/70cFvXSh_Q1YnxGkpoWK1HF6hhy/it/u=1474139545,1219393896&fm=206&gp=0.jpg',1,'地理位置','QQ','2017-03-26 22:31:20','2017-04-15 22:36:04'),
	('111111aa11q1',0,'第三方用户是多少','https://ss1.bdstatic.com/70cFvXSh_Q1YnxGkpoWK1HF6hhy/it/u=1474139545,1219393896&fm=206&gp=0.jpg',1,'地理位置','QQ','2017-04-15 22:41:56','2017-04-15 23:02:17'),
	('111111aa1aa11',78942423030,'第三方用户11','https://ss1.bdstatic.com/70cFvXSh_Q1YnxGkpoWK1HF6hhy/it/u=1474139545,1219393896&fm=206&gp=0.jpg',1,'地理位置','QQ','2017-03-26 22:38:13','2017-03-26 22:38:13'),
	('111awefaaaaaaa',79154156102,'第三方用户是多少','https://ss1.bdstatic.com/70cFvXSh_Q1YnxGkpoWK1HF6hhy/it/u=1474139545,1219393896&fm=206&gp=0.jpg',1,'地理位置','QQ','2017-03-26 23:32:04','2017-03-26 23:32:04'),
	('12412341234',13773817008619522,'第三方用户aefaf','https://ss1.bdstatic.com/70cFvXSh_Q1YnxGkpoWK1HF6hhy/it/u=1474139545,1219393896&fm=206&gp=0.jpg',1,'地理位置','QQ','2017-04-15 22:57:15','2017-04-15 22:57:44'),
	('124123412345656',13748645228707841,'第三方用户aefaf','https://ss1.bdstatic.com/70cFvXSh_Q1YnxGkpoWK1HF6hhy/it/u=1474139545,1219393896&fm=206&gp=0.jpg',1,'地理位置','QQ','2017-04-15 23:05:19','2017-04-15 23:05:19'),
	('12412341234565666',13748645228707841,'第三方用户aefaf','https://ss1.bdstatic.com/70cFvXSh_Q1YnxGkpoWK1HF6hhy/it/u=1474139545,1219393896&fm=206&gp=0.jpg',1,'地理位置','QQ','2017-04-15 23:05:23','2017-04-15 23:05:23'),
	('2222222',11253460114,'第三方用户是多少','https://ss1.bdstatic.com/70cFvXSh_Q1YnxGkpoWK1HF6hhy/it/u=1474139545,1219393896&fm=206&gp=0.jpg',1,'地理位置','QQ','2017-03-26 23:33:25','2017-04-15 12:44:20'),
	('2222ss222',3565472838582281,'第三方用户是多少','https://ss1.bdstatic.com/70cFvXSh_Q1YnxGkpoWK1HF6hhy/it/u=1474139545,1219393896&fm=206&gp=0.jpg',1,'地理位置','QQ','2017-04-01 20:54:00','2017-04-01 20:54:00'),
	('3333333',13766665888071684,'第三方用户aefaf','https://ss1.bdstatic.com/70cFvXSh_Q1YnxGkpoWK1HF6hhy/it/u=1474139545,1219393896&fm=206&gp=0.jpg',1,'地理位置','QQ','2017-03-28 21:34:59','2017-04-15 22:55:55'),
	('3333333333',13729246648205321,'第三方用户aefaf','https://ss1.bdstatic.com/70cFvXSh_Q1YnxGkpoWK1HF6hhy/it/u=1474139545,1219393896&fm=206&gp=0.jpg',1,'地理位置','QQ','2017-04-03 12:02:38','2017-04-15 21:27:35'),
	('888888888',13732742290210824,'第三方用户是多少','https://ss1.bdstatic.com/70cFvXSh_Q1YnxGkpoWK1HF6hhy/it/u=1474139545,1219393896&fm=206&gp=0.jpg',1,'地理位置','QQ','2017-04-15 21:34:32','2017-04-15 21:34:32'),
	('8888888889999',13745826228600837,'第三方用户是多少','https://ss1.bdstatic.com/70cFvXSh_Q1YnxGkpoWK1HF6hhy/it/u=1474139545,1219393896&fm=206&gp=0.jpg',1,'地理位置','QQ','2017-04-15 22:00:56','2017-04-15 22:00:56'),
	('888888888999900',13748645228707841,'第三方用户是多少','https://ss1.bdstatic.com/70cFvXSh_Q1YnxGkpoWK1HF6hhy/it/u=1474139545,1219393896&fm=206&gp=0.jpg',1,'地理位置','QQ','2017-04-15 22:06:24','2017-04-15 22:06:24'),
	('8888888889999000',13748645228707841,'第三方用户是多少','https://ss1.bdstatic.com/70cFvXSh_Q1YnxGkpoWK1HF6hhy/it/u=1474139545,1219393896&fm=206&gp=0.jpg',1,'地理位置','QQ','2017-04-15 22:07:11','2017-04-15 22:07:11'),
	('88888888899990000',13748645228707841,'第三方用户是多少','https://ss1.bdstatic.com/70cFvXSh_Q1YnxGkpoWK1HF6hhy/it/u=1474139545,1219393896&fm=206&gp=0.jpg',1,'地理位置','QQ','2017-04-15 22:16:47','2017-04-15 22:16:47'),
	('888888888999900001',0,'第三方用户是多少','https://ss1.bdstatic.com/70cFvXSh_Q1YnxGkpoWK1HF6hhy/it/u=1474139545,1219393896&fm=206&gp=0.jpg',1,'地理位置','QQ','2017-04-15 22:19:02','2017-04-15 23:02:51'),
	('8888888889999000099',13782928907567107,'第三方用户是多少','https://ss1.bdstatic.com/70cFvXSh_Q1YnxGkpoWK1HF6hhy/it/u=1474139545,1219393896&fm=206&gp=0.jpg',1,'地理位置','QQ','2017-04-15 23:14:30','2017-04-15 23:14:30'),
	('alalalall121212',13730859903352836,'第三方用户是多少','https://ss1.bdstatic.com/70cFvXSh_Q1YnxGkpoWK1HF6hhy/it/u=1474139545,1219393896&fm=206&gp=0.jpg',1,'地理位置','QQ','2017-04-15 21:30:48','2017-04-15 21:30:48'),
	('awefaaaaaaa',78956151823,'第三方用户aefaf','https://ss1.bdstatic.com/70cFvXSh_Q1YnxGkpoWK1HF6hhy/it/u=1474139545,1219393896&fm=206&gp=0.jpg',1,'地理位置','QQ','2017-03-26 22:41:43','2017-03-26 22:41:43'),
	('sfawasfaeffwefe',13756061555097600,'第三方用户','https://ss1.bdstatic.com/70cFvXSh_Q1YnxGkpoWK1HF6hhy/it/u=1474139545,1219393896&fm=206&gp=0.jpg',1,'地理位置','QQ','2017-03-25 19:09:53','2017-04-15 22:20:52'),
	('wefaefawefawef',13755589502959622,'第三方用户aefaf','https://ss1.bdstatic.com/70cFvXSh_Q1YnxGkpoWK1HF6hhy/it/u=1474139545,1219393896&fm=206&gp=0.jpg',1,'地理位置','QQ','2017-03-26 23:19:58','2017-04-15 22:19:56');

/*!40000 ALTER TABLE `user_open` ENABLE KEYS */;
UNLOCK TABLES;


# Dump of table video
# ------------------------------------------------------------

DROP TABLE IF EXISTS `video`;

CREATE TABLE `video` (
  `id` bigint(20) unsigned NOT NULL,
  `user_id` bigint(20) NOT NULL,
  `name` varchar(64) NOT NULL DEFAULT '',
  `poster` varchar(256) NOT NULL DEFAULT '',
  `type` int(2) NOT NULL,
  `status` int(2) DEFAULT '72',
  `letv_video_id` int(11) NOT NULL,
  `letv_video_unique` varchar(16) NOT NULL DEFAULT '',
  `url` varchar(512) DEFAULT NULL,
  `ext` json DEFAULT NULL,
  `description` text,
  `is_del` int(1) NOT NULL,
  `create_ts` timestamp NOT NULL DEFAULT CURRENT_TIMESTAMP,
  `update_ts` timestamp NOT NULL DEFAULT CURRENT_TIMESTAMP ON UPDATE CURRENT_TIMESTAMP,
  PRIMARY KEY (`id`)
) ENGINE=InnoDB DEFAULT CHARSET=utf8mb4;

LOCK TABLES `video` WRITE;
/*!40000 ALTER TABLE `video` DISABLE KEYS */;

INSERT INTO `video` (`id`, `user_id`, `name`, `poster`, `type`, `status`, `letv_video_id`, `letv_video_unique`, `url`, `ext`, `description`, `is_del`, `create_ts`, `update_ts`)
VALUES
	(111,0,'相声','http://img.hopapapa.com/test//iPhone%207%20Copy%2039.jpg',7,71,42697947,'f5bf90583a','','{}','牛群 冯巩',0,'2017-04-16 15:05:34','2017-04-17 02:14:44'),
	(8725110231924743,11253460114,'','http://img.hopapapa.com/test//iPhone%207%20Copy%2039.jpg',7,72,42697947,'f5bf90583a',NULL,NULL,'lalalala',0,'2017-04-08 23:45:16','2017-04-17 02:14:44'),
	(8725850291699712,56942160553,'','',7,72,42697947,'f5bf90583a',NULL,NULL,NULL,0,'2017-04-08 23:46:44','2017-04-17 02:14:45'),
	(8727736998690816,56942160553,'','',7,72,42697947,'f5bf90583a',NULL,NULL,NULL,0,'2017-04-08 23:50:29','2017-04-17 02:14:46'),
	(12263891761364992,56942160553,'','',7,72,42697947,'f5bf90583a',NULL,NULL,NULL,0,'2017-04-13 20:56:11','2017-04-17 02:15:00'),
	(12351423119360000,56942160553,'','',7,72,42697947,'f5bf90583a',NULL,NULL,NULL,0,'2017-04-13 23:50:06','2017-04-17 02:15:00'),
	(12352263431389184,12352011664097283,'','',7,72,42697947,'f5bf90583a',NULL,NULL,NULL,0,'2017-04-13 23:51:46','2017-04-17 02:15:00'),
	(13585713471684617,13532582922682370,'','http://img.hopapapa.com/test//iPhone%207%20Copy%2039.jpg',7,71,0,'','http://video.hopapapa.com/test/sf.mp4','{}',NULL,0,'2017-04-15 16:42:28','2017-04-17 02:15:00'),
	(13586053361303556,13532582922682370,'','http://img.hopapapa.com/test//iPhone%207%20Copy%2039.jpg',7,71,0,'','http://video.hopapapa.com/test/sf.mp4','{}',NULL,0,'2017-04-15 16:43:05','2017-04-17 02:15:00'),
	(13586058931339265,13532582922682370,'','http://img.hopapapa.com/test//iPhone%207%20Copy%2039.jpg',7,71,0,'','http://video.hopapapa.com/test/sf.mp4','{}',NULL,0,'2017-04-15 16:43:06','2017-04-17 02:15:00'),
	(13589440337281027,4273788854206473,'','http://img.hopapapa.com/test//iPhone%207%20Copy%2039.jpg',7,71,0,'','http://video.hopapapa.com/test/sf.mp4','{}',NULL,0,'2017-04-15 16:49:49','2017-04-15 16:49:49'),
	(13732654914469890,10080887173545989,'','http://pic.hopapapa.com/513955772702316.00000093CCB4F8A12269F32ABFEFCD3EBA239C.jpg',7,71,0,'','http://video.hopapapa.com/513955795304431.9375007EC3ED39-4D72-4978-A936-C51B0F33B46A.mp4','{}',NULL,0,'2017-04-15 21:34:22','2017-04-15 21:34:22'),
	(14359840205832197,0,'相声','',7,71,111,'fawef','','{}','ss',0,'2017-04-16 18:20:28','2017-04-16 18:20:28'),
	(14368880013082631,0,'测试','',7,71,121212,'awefwef','','{}','121sfawef2f23f23',0,'2017-04-16 18:38:25','2017-04-16 18:38:25'),
	(14578328363073544,0,'ceshi22','http://img.hopapapa.com/20170417/01/5744/3-2首页睡眠模式（ demo 不做 1.0需要上） .jpg',7,71,11122,'aefw','','{}','ssss',0,'2017-04-17 01:34:34','2017-04-17 02:22:06'),
	(14590132837416969,0,'测试','http://img.hopapapa.com/20170417/01/5744/3-2首页睡眠模式（ demo 不做 1.0需要上） .jpg',7,71,12121,'fawefa','','{}','aefaefaw',0,'2017-04-17 01:58:01','2017-04-17 02:15:00'),
	(14595428464984069,0,'测试视频','http://img.hopapapa.com/20170417/01/5744/3-2首页睡眠模式（ demo 不做 1.0需要上） .jpg',7,71,42697947,'f5bf90583a','','{}','相声',0,'2017-04-17 02:08:32','2017-04-17 02:08:32'),
	(14595658992320515,0,'实时','f5bf90583a',7,71,111,'f5bf90583a','','{}','111',0,'2017-04-17 02:09:00','2017-04-17 02:09:00'),
	(14603220366131201,0,'www','www',7,71,11,'sss','','{}','ss',0,'2017-04-17 02:24:01','2017-04-17 02:24:01');

/*!40000 ALTER TABLE `video` ENABLE KEYS */;
UNLOCK TABLES;



/*!40111 SET SQL_NOTES=@OLD_SQL_NOTES */;
/*!40101 SET SQL_MODE=@OLD_SQL_MODE */;
/*!40014 SET FOREIGN_KEY_CHECKS=@OLD_FOREIGN_KEY_CHECKS */;
/*!40101 SET CHARACTER_SET_CLIENT=@OLD_CHARACTER_SET_CLIENT */;
/*!40101 SET CHARACTER_SET_RESULTS=@OLD_CHARACTER_SET_RESULTS */;
/*!40101 SET COLLATION_CONNECTION=@OLD_COLLATION_CONNECTION */;
